amount,risk_score,risk_grade,risk_reasons
16400000,31.28158033463518,Low,['No strong anomaly indicator']
3053133,4.018829834031429,Low,['No strong anomaly indicator']
10000000,16.163021721850914,Low,['No strong anomaly indicator']
37307,16.998715268103506,Low,['Low bidder competition']
62784,11.455971269893311,Low,['Low bidder competition']
377936,8.045016850842359,Low,['No strong anomaly indicator']
14520000,10.706407573004185,Low,['Low bidder competition']
1400542,20.500661354101293,Low,['Low bidder competition']
5903885,14.008562088663354,Low,['No strong anomaly indicator']
63832354,19.163372729723076,Low,['Unusually high contract value']
34882120,16.576944916595224,Low,['No strong anomaly indicator']
38370332,16.88121940751363,Low,['No strong anomaly indicator']
49401164,18.603822307272456,Low,['Unusually high contract value']
55576310,18.671230426923337,Low,['Unusually high contract value']
630519,13.020666617632518,Low,['No strong anomaly indicator']
116797208,32.5392929600776,Low,['Unusually high contract value']
14477000,6.907839805014802,Low,['No strong anomaly indicator']
39560000,26.969293308787286,Low,['No strong anomaly indicator']
11834000,3.343576435836354,Low,['No strong anomaly indicator']
130196117,48.440853414403605,Medium,['Unusually high contract value']
16955999,8.587032884560927,Low,['No strong anomaly indicator']
11713534,14.13292148752998,Low,['No strong anomaly indicator']
18400000,42.04679132719086,Medium,['No strong anomaly indicator']
435703950,53.34519508554853,Medium,"['Low bidder competition', 'Unusually high contract value']"
320000000,37.11235879917986,Low,['Unusually high contract value']
18000000,15.60134980624182,Low,['No strong anomaly indicator']
17000000,15.100298353251677,Low,['No strong anomaly indicator']
15000000,10.478630316541803,Low,['No strong anomaly indicator']
0,23.130393320022392,Low,['Low bidder competition']
24000000,7.807327054101208,Low,['No strong anomaly indicator']
6000000,14.213576615572613,Low,['No strong anomaly indicator']
2600000,13.36322664363274,Low,['No strong anomaly indicator']
8000000,10.987881879171923,Low,['No strong anomaly indicator']
40400000,15.79771175839591,Low,['Unusually high contract value']
4000000,15.889275259470647,Low,['Low bidder competition']
195260000,40.517058220081054,Medium,['Unusually high contract value']
6888137,6.178544127691453,Low,['No strong anomaly indicator']
14402000,3.5024013498752566,Low,['No strong anomaly indicator']
25132914,8.168301483901821,Low,['No strong anomaly indicator']
326234374,40.88200298288416,Medium,"['Low bidder competition', 'Unusually high contract value']"
15087321,3.966799558392168,Low,['No strong anomaly indicator']
21980001,11.319539019141299,Low,['No strong anomaly indicator']
62074741,11.107177443858738,Low,['Unusually high contract value']
38822000,22.460871564081724,Low,['Low bidder competition']
37773000,22.460871564081724,Low,['Low bidder competition']
24133000,20.880873493460616,Low,['Low bidder competition']
15207667,5.972387020619351,Low,['No strong anomaly indicator']
48466033,5.429366668241514,Low,['Unusually high contract value']
0,9.423274647740222,Low,['Low bidder competition']
8000000,12.195269013227044,Low,['No strong anomaly indicator']
21314000,4.4976063794424235,Low,['No strong anomaly indicator']
31061178,24.922284127714732,Low,['Low bidder competition']
24387196,20.86886335571806,Low,['No strong anomaly indicator']
210000000,34.326926020551596,Low,"['Low bidder competition', 'Unusually high contract value']"
17920400,3.8747592129329718,Low,['No strong anomaly indicator']
93377388,13.198076852794323,Low,['Unusually high contract value']
48466033,6.115913588124705,Low,['Unusually high contract value']
99999625,14.79213121128699,Low,['Unusually high contract value']
93377388,13.198076852794323,Low,['Unusually high contract value']
5469000,1.7538854208634191,Low,['No strong anomaly indicator']
500000000,50.89862990515121,Medium,['Unusually high contract value']
8500000,9.732561196530447,Low,['No strong anomaly indicator']
109988000,19.48254284344741,Low,"['Low bidder competition', 'Unusually high contract value']"
0,20.27994525950358,Low,['No strong anomaly indicator']
9100000,3.6797931892434477,Low,['No strong anomaly indicator']
9586384,5.759920021001719,Low,['No strong anomaly indicator']
7205000,2.618922432592946,Low,['No strong anomaly indicator']
5607020,2.383206324265373,Low,['No strong anomaly indicator']
16610000,3.299554522161202,Low,['No strong anomaly indicator']
210000000,29.428599766115603,Low,['Unusually high contract value']
18300000,10.981792781790062,Low,['No strong anomaly indicator']
4650000,9.386767242612947,Low,['No strong anomaly indicator']
16150000,10.442594782574687,Low,['No strong anomaly indicator']
4150000,9.446816030018255,Low,['No strong anomaly indicator']
10500000,15.346064325681958,Low,['Low bidder competition']
12946977,18.842466052773215,Low,['Low bidder competition']
10859920,3.4817775728287685,Low,['No strong anomaly indicator']
1250000,10.97958799971066,Low,['No strong anomaly indicator']
13278155,15.441558530981897,Low,['Low bidder competition']
19509468,15.839935299851085,Low,['No strong anomaly indicator']
12410583,18.52068481219964,Low,['Low bidder competition']
15298241,14.754808160204263,Low,['No strong anomaly indicator']
326234374,48.581379999755825,Medium,['Unusually high contract value']
374901432,51.958104653418395,Medium,['Unusually high contract value']
134284741,35.4862609538676,Low,['Unusually high contract value']
58914407,22.16158276739937,Low,['Unusually high contract value']
2000000,4.089878800799482,Low,['No strong anomaly indicator']
21314000,4.138004557956265,Low,['No strong anomaly indicator']
1500000,5.583994031400053,Low,['No strong anomaly indicator']
20000000,13.92818971336737,Low,['No strong anomaly indicator']
20000000,13.92818971336737,Low,['No strong anomaly indicator']
20000000,15.320433568416437,Low,['Low bidder competition']
20000000,15.320433568416437,Low,['Low bidder competition']
10000000,12.952084631233397,Low,['Low bidder competition']
10000000,11.54785352961315,Low,['No strong anomaly indicator']
99999625,19.747511663837027,Low,['Unusually high contract value']
2000000,10.32885370775815,Low,['No strong anomaly indicator']
3000000,9.215053429964648,Low,['No strong anomaly indicator']
50000000,17.31445779449658,Low,['Unusually high contract value']
0,6.164194852394267,Low,['Low bidder competition']
0,4.259163159055575,Low,['No strong anomaly indicator']
0,4.510799855531118,Low,['No strong anomaly indicator']
9133972,11.187432104127069,Low,['No strong anomaly indicator']
3000000,15.78440034534151,Low,['No strong anomaly indicator']
2585000,4.973799277131668,Low,['Low bidder competition']
2000000,4.990508308953586,Low,['Low bidder competition']
19700000,15.745943219927625,Low,['No strong anomaly indicator']
10000000,29.59156298939267,Low,['No strong anomaly indicator']
50054595,6.522612701878323,Low,['Unusually high contract value']
14800000,36.90584185684886,Low,['Low bidder competition']
7500000,1.7539530441893731,Low,['No strong anomaly indicator']
15000000,17.637268174327435,Low,['No strong anomaly indicator']
33719687,7.060003392594112,Low,['No strong anomaly indicator']
0,13.261020066596377,Low,['No strong anomaly indicator']
0,13.261020066596377,Low,['No strong anomaly indicator']
0,12.844960849543707,Low,['No strong anomaly indicator']
0,12.844960849543707,Low,['No strong anomaly indicator']
0,12.844960849543707,Low,['No strong anomaly indicator']
9000000,3.0864015530028652,Low,['No strong anomaly indicator']
1500000,17.089944206842766,Low,['No strong anomaly indicator']
215848000,40.32441483063529,Medium,"['Low bidder competition', 'Unusually high contract value']"
4851079,26.970386754127045,Low,['No strong anomaly indicator']
48466033,20.92283525283402,Low,['Unusually high contract value']
17400000,19.056738216369936,Low,['No strong anomaly indicator']
50870000,22.199523594174824,Low,['Unusually high contract value']
9586384,2.4552648205172076,Low,['No strong anomaly indicator']
0,16.843511143888666,Low,['No strong anomaly indicator']
47549220,16.8224838526116,Low,['Unusually high contract value']
13000188,24.115739348625297,Low,['No strong anomaly indicator']
10350000,19.94300331934371,Low,['No strong anomaly indicator']
0,62.0748285117504,Medium,['No strong anomaly indicator']
0,68.03020145506139,Medium,['No strong anomaly indicator']
0,17.66750669255585,Low,['Low bidder competition']
0,58.6451555441982,Medium,['No strong anomaly indicator']
0,69.5195102201067,Medium,['No strong anomaly indicator']
0,17.66750669255585,Low,['Low bidder competition']
26142000,10.776469064987559,Low,['No strong anomaly indicator']
48746000,18.480981466711654,Low,['Unusually high contract value']
39663382,15.643558769250635,Low,['No strong anomaly indicator']
34860092,14.920678209699659,Low,['No strong anomaly indicator']
19994000,4.409255792024787,Low,['No strong anomaly indicator']
9100000,1.7315886601028367,Low,['No strong anomaly indicator']
0,6.655696823032869,Low,['No strong anomaly indicator']
0,5.563612981284926,Low,['No strong anomaly indicator']
19493403,15.839935299851085,Low,['No strong anomaly indicator']
5607020,2.383206324265373,Low,['No strong anomaly indicator']
26028000,26.81739218335139,Low,['No strong anomaly indicator']
215848000,35.20191878995121,Low,['Unusually high contract value']
1150000000,67.99740303136252,Medium,['Unusually high contract value']
168722500,25.7684359440219,Low,['Unusually high contract value']
10834547,21.458704837859315,Low,['Low bidder competition']
19068292,10.282438010754525,Low,['No strong anomaly indicator']
24755835,13.151376367545627,Low,['No strong anomaly indicator']
16716078,8.618956906722545,Low,['No strong anomaly indicator']
32380734,16.53196315874499,Low,['No strong anomaly indicator']
32423000,33.402909237249276,Low,['Low bidder competition']
17626000,20.998960064398915,Low,['No strong anomaly indicator']
2000000,37.294540134085395,Low,['No strong anomaly indicator']
2300000,37.06556436370308,Low,['No strong anomaly indicator']
10000000,38.63647051964024,Low,['No strong anomaly indicator']
5500000,40.58600490794527,Medium,['No strong anomaly indicator']
24000000,11.928273331887166,Low,['Low bidder competition']
11700000,3.9311473253160116,Low,['No strong anomaly indicator']
2585000,4.973799277131668,Low,['Low bidder competition']
2000000,4.990508308953586,Low,['Low bidder competition']
5000000,3.1484369329808715,Low,['No strong anomaly indicator']
78622066,19.834249042537117,Low,['Unusually high contract value']
178946910,28.611233691359093,Low,"['Low bidder competition', 'Unusually high contract value']"
37217156,6.813209294232536,Low,['No strong anomaly indicator']
2000000,11.81622782979601,Low,['Low bidder competition']
3000000,11.613634735648574,Low,['Low bidder competition']
0,19.826014522965764,Low,['No strong anomaly indicator']
38822250,29.60465970451871,Low,['No strong anomaly indicator']
37773000,30.418470377202283,Low,['No strong anomaly indicator']
24132750,27.290104570418222,Low,['No strong anomaly indicator']
7500000,32.88432114044127,Low,['No strong anomaly indicator']
10830547,1.3472103807406413,Low,['No strong anomaly indicator']
24565300,5.350980409091285,Low,['No strong anomaly indicator']
600000,11.534001599475626,Low,['No strong anomaly indicator']
8819000,8.873545534603686,Low,['No strong anomaly indicator']
22500000,4.641439053429913,Low,['No strong anomaly indicator']
16951761,8.587032884560927,Low,['No strong anomaly indicator']
41060000,21.73773813253944,Low,['Unusually high contract value']
61142918,28.581102054869817,Low,['Unusually high contract value']
15461862,7.634772070697771,Low,['No strong anomaly indicator']
17020855,8.938287498058628,Low,['No strong anomaly indicator']
27216988,13.996458128684186,Low,['No strong anomaly indicator']
38513971,35.14436257347049,Low,['Low bidder competition']
32971289,16.360401718578444,Low,['No strong anomaly indicator']
19462824,11.091734000430058,Low,['No strong anomaly indicator']
463762,9.858967557842874,Low,['No strong anomaly indicator']
18200000,16.95905662001677,Low,['No strong anomaly indicator']
17501000,10.575796088230469,Low,['No strong anomaly indicator']
10830553,1.7770182482179635,Low,['No strong anomaly indicator']
7811532,14.340241954494022,Low,['Low bidder competition']
7811532,12.855553779000623,Low,['No strong anomaly indicator']
7811532,13.403605449864298,Low,['No strong anomaly indicator']
7897331,14.340241954494022,Low,['Low bidder competition']
7983132,18.047231022915177,Low,['Low bidder competition']
7983132,18.047231022915177,Low,['Low bidder competition']
7983132,17.993651174657984,Low,['No strong anomaly indicator']
7983132,14.340241954494022,Low,['Low bidder competition']
7983132,12.855553779000623,Low,['No strong anomaly indicator']
7983132,13.403605449864298,Low,['No strong anomaly indicator']
28455200,6.131489107104372,Low,['No strong anomaly indicator']
49303500,65.07066871504033,Medium,['Unusually high contract value']
48126000,62.3167413670906,Medium,['Unusually high contract value']
49162500,62.29286884064915,Medium,['Unusually high contract value']
17175000,37.05279773244174,Low,['No strong anomaly indicator']
13776600,31.43494701290504,Low,['No strong anomaly indicator']
15082800,43.74083979970142,Medium,['No strong anomaly indicator']
12602400,44.272713747502664,Medium,['No strong anomaly indicator']
24323000,23.302034062705367,Low,['No strong anomaly indicator']
24541000,27.02110063549774,Low,['No strong anomaly indicator']
40626978,31.806406239971565,Low,['Unusually high contract value']
10551535,29.252008687174985,Low,['No strong anomaly indicator']
14611457,31.5621824497403,Low,['No strong anomaly indicator']
16291520,29.68836731192788,Low,['No strong anomaly indicator']
36054681,29.48864439744312,Low,['No strong anomaly indicator']
44445100,31.147596686193573,Low,['Unusually high contract value']
42081156,29.03020874112129,Low,['Unusually high contract value']
27926544,25.071971406337163,Low,['No strong anomaly indicator']
0,70.26468782087602,High,['No strong anomaly indicator']
40400000,15.79771175839591,Low,['Unusually high contract value']
63832354,21.805450321098846,Low,['Unusually high contract value']
34882120,20.028882498869265,Low,['No strong anomaly indicator']
38370332,20.307530351487056,Low,['No strong anomaly indicator']
49401164,19.921627536084358,Low,['Unusually high contract value']
55576310,21.33176707123138,Low,['Unusually high contract value']
10000000,20.423367968925806,Low,['No strong anomaly indicator']
10830553,2.4650250408214305,Low,['No strong anomaly indicator']
7203000,10.145647232983805,Low,['No strong anomaly indicator']
5781000,1.5349411035458331,Low,['No strong anomaly indicator']
6839000,2.5953537365243378,Low,['No strong anomaly indicator']
7234000,7.150372646604303,Low,['No strong anomaly indicator']
5421000,4.102889997205374,Low,['No strong anomaly indicator']
2585000,4.973799277131668,Low,['Low bidder competition']
2000000,4.990508308953586,Low,['Low bidder competition']
5000000,2.60391222450977,Low,['No strong anomaly indicator']
5000,32.74353839255991,Low,['Low bidder competition']
0,11.365891622745284,Low,['Low bidder competition']
1500000,16.032879920788673,Low,['No strong anomaly indicator']
0,29.605797753062234,Low,['No strong anomaly indicator']
5000000,29.597245347403558,Low,['No strong anomaly indicator']
47191000,8.006238092744582,Low,['Unusually high contract value']
20000000,44.16079889660613,Medium,['No strong anomaly indicator']
34747420,6.434220053759539,Low,['No strong anomaly indicator']
38252197,19.34267008764715,Low,['No strong anomaly indicator']
215848000,35.20191878995121,Low,['Unusually high contract value']
19832569,16.88131148704869,Low,['No strong anomaly indicator']
1050000,10.256637972250125,Low,['No strong anomaly indicator']
725000,11.332868949374866,Low,['No strong anomaly indicator']
19832569,23.21978343627132,Low,['Low bidder competition']
50600000,25.014624004173125,Low,['Unusually high contract value']
374901432,51.958104653418395,Medium,['Unusually high contract value']
343510,9.11272768733808,Low,['No strong anomaly indicator']
6000000,11.136251001172468,Low,['No strong anomaly indicator']
2600000,10.032804836193641,Low,['No strong anomaly indicator']
18000000,19.79646898776304,Low,['No strong anomaly indicator']
17000000,19.274681145754094,Low,['No strong anomaly indicator']
10859920,2.826767421152475,Low,['No strong anomaly indicator']
6839000,2.5953537365243378,Low,['No strong anomaly indicator']
32400000,26.21906580442556,Low,['Low bidder competition']
13150000,10.937750113366569,Low,['No strong anomaly indicator']
29300000,50.5664736446862,Medium,['Low bidder competition']
3020099,5.636383049966035,Low,['No strong anomaly indicator']
9816884,7.859577172413097,Low,['No strong anomaly indicator']
3020099,4.526449638934409,Low,['No strong anomaly indicator']
7592690,7.998162088341871,Low,['No strong anomaly indicator']
4754288,9.961431127132585,Low,['No strong anomaly indicator']
5734380,4.2428605303277465,Low,['No strong anomaly indicator']
3873852,10.121258780192399,Low,['No strong anomaly indicator']
6114486,14.014646091618186,Low,['No strong anomaly indicator']
6500000,30.195843559826354,Low,['No strong anomaly indicator']
25714500,5.416687809340289,Low,['No strong anomaly indicator']
0,32.705769864432014,Low,['No strong anomaly indicator']
11000000,29.46978596300577,Low,['No strong anomaly indicator']
0,11.365891622745284,Low,['Low bidder competition']
0,9.739324580563945,Low,['No strong anomaly indicator']
0,5.722375886263507,Low,['No strong anomaly indicator']
0,24.546921386550494,Low,['No strong anomaly indicator']
8000000,9.081797026802484,Low,['No strong anomaly indicator']
1050000,10.256637972250125,Low,['No strong anomaly indicator']
1200000,13.827140162937031,Low,['No strong anomaly indicator']
0,45.378530872494025,Medium,['No strong anomaly indicator']
0,55.66016184583978,Medium,['No strong anomaly indicator']
28093913,3.9644514862252294,Low,['No strong anomaly indicator']
20000000,32.07572591303709,Low,['No strong anomaly indicator']
500000,12.810711878952397,Low,['Low bidder competition']
0,4.908904179163017,Low,['Low bidder competition']
20000000,31.710942354581224,Low,['No strong anomaly indicator']
3000000,30.222403253962838,Low,['No strong anomaly indicator']
10000000,36.32085976473912,Low,['No strong anomaly indicator']
1200000,32.93817206090163,Low,['Low bidder competition']
6500000,29.705498097110862,Low,['No strong anomaly indicator']
19783055,4.918922422331796,Low,['Low bidder competition']
0,7.441039128731276,Low,['No strong anomaly indicator']
11200000,18.83347561378527,Low,['No strong anomaly indicator']
497286,11.161017060478578,Low,['Low bidder competition']
5503407,4.931179646625623,Low,['No strong anomaly indicator']
31061178,19.07075079870031,Low,['No strong anomaly indicator']
22794662,12.799708624820525,Low,['No strong anomaly indicator']
74532333,12.431424723989107,Low,['Unusually high contract value']
5035702,24.233347424166386,Low,['No strong anomaly indicator']
8626530,13.57932807157507,Low,['No strong anomaly indicator']
6814174,20.37191901640783,Low,['No strong anomaly indicator']
7532916,14.572946884599137,Low,['Low bidder competition']
2206100000,76.65003429419302,High,"['Low bidder competition', 'Unusually high contract value']"
0,19.93765150332107,Low,['Low bidder competition']
10830553,1.7619185152258154,Low,['No strong anomaly indicator']
5999950,0.11470390068241443,Low,['No strong anomaly indicator']
12510148,9.814886303928958,Low,['No strong anomaly indicator']
19800000,9.283615145258608,Low,['No strong anomaly indicator']
20500000,11.799750011834746,Low,['No strong anomaly indicator']
27696000,14.816338583073524,Low,['No strong anomaly indicator']
23304523,15.096034587882048,Low,['No strong anomaly indicator']
20263601,11.799750011834746,Low,['No strong anomaly indicator']
25349923,14.189257631313268,Low,['No strong anomaly indicator']
0,14.398890406845876,Low,['No strong anomaly indicator']
9000000,7.162211226773316,Low,['No strong anomaly indicator']
31775000,44.25530358022943,Medium,['No strong anomaly indicator']
1297400000,72.01509223937695,High,['Unusually high contract value']
25996244,5.416687809340289,Low,['No strong anomaly indicator']
5000000,4.890038366037167,Low,['No strong anomaly indicator']
16151742,7.434254273096933,Low,['No strong anomaly indicator']
18424575,10.904502420549377,Low,['No strong anomaly indicator']
29508285,19.773510914152954,Low,['No strong anomaly indicator']
29818895,17.47200782567006,Low,['No strong anomaly indicator']
17817979,24.647203801071225,Low,['No strong anomaly indicator']
7967277,7.028764185653088,Low,['No strong anomaly indicator']
8245584,6.955744348124952,Low,['No strong anomaly indicator']
9684144,14.735750531206033,Low,['No strong anomaly indicator']
3999000,15.738590591500142,Low,['No strong anomaly indicator']
4653609,1.2227567453086436,Low,['No strong anomaly indicator']
6930677,0.5724438023456813,Low,['No strong anomaly indicator']
9789245,0.32072746259537865,Low,['No strong anomaly indicator']
7426137,0.2296658183506466,Low,['No strong anomaly indicator']
50000000,30.36444124872449,Low,['Unusually high contract value']
44858302,22.7517567900698,Low,['Unusually high contract value']
4528848,1.4448881686919748,Low,['No strong anomaly indicator']
7920572,0.0,Low,['No strong anomaly indicator']
23760000,45.83111191790008,Medium,['No strong anomaly indicator']
100800000,57.2414455816174,Medium,['Unusually high contract value']
8000,36.85073326236798,Low,['Low bidder competition']
2160000,17.965872649595948,Low,['Low bidder competition']
29300000,49.65279815346952,Medium,['No strong anomaly indicator']
29300000,48.930326271352975,Medium,['No strong anomaly indicator']
1268900000,72.01509223937695,High,['Unusually high contract value']
10000000,20.423367968925806,Low,['No strong anomaly indicator']
40000000,30.1631569475186,Low,['Unusually high contract value']
20000000,22.810532109478427,Low,['No strong anomaly indicator']
10000000,30.404059781343445,Low,['No strong anomaly indicator']
10000000,35.153506910283696,Low,['No strong anomaly indicator']
17500000,5.161298719232285,Low,['Low bidder competition']
20000000,3.627808328120942,Low,['No strong anomaly indicator']
24000000,7.84344512356369,Low,['Low bidder competition']
7467058,12.322571762136779,Low,['No strong anomaly indicator']
13150000,10.085344489883006,Low,['No strong anomaly indicator']
800000,12.810711878952397,Low,['Low bidder competition']
126000000,55.2409335247059,Medium,['Unusually high contract value']
33000000,57.8366136213129,Medium,['No strong anomaly indicator']
10523000,36.66859575282226,Low,['No strong anomaly indicator']
4596857,10.487081727956017,Low,['No strong anomaly indicator']
7000000,17.945426572913885,Low,['No strong anomaly indicator']
8038173,25.358158576450506,Low,['No strong anomaly indicator']
578026,9.69066238297772,Low,['No strong anomaly indicator']
0,12.075363729426154,Low,['Low bidder competition']
385090,9.748166033654911,Low,['No strong anomaly indicator']
39889883,20.6543947914847,Low,['Unusually high contract value']
1127781,21.035714614955722,Low,['No strong anomaly indicator']
1519690,20.68254628497321,Low,['No strong anomaly indicator']
21277243,22.453837077734317,Low,['No strong anomaly indicator']
980088,9.52936123823855,Low,['No strong anomaly indicator']
10109549,8.854040422361656,Low,['No strong anomaly indicator']
10902095,25.64608536170523,Low,['No strong anomaly indicator']
11374362,13.048419195641618,Low,['No strong anomaly indicator']
350924,8.072048268269775,Low,['No strong anomaly indicator']
22311008,17.333069559516424,Low,['No strong anomaly indicator']
12772106,12.694026802048025,Low,['No strong anomaly indicator']
14409005,20.099308820883223,Low,['No strong anomaly indicator']
0,12.075363729426154,Low,['Low bidder competition']
35539957,14.739540949436787,Low,['No strong anomaly indicator']
15312316,29.774472084877353,Low,['No strong anomaly indicator']
12025307,9.677995669077788,Low,['No strong anomaly indicator']
28939204,15.01338634891992,Low,['No strong anomaly indicator']
20859516,16.765588266509507,Low,['No strong anomaly indicator']
12441168,15.287103676493377,Low,['No strong anomaly indicator']
12954067,13.735075538595193,Low,['No strong anomaly indicator']
10183743,10.566299416004263,Low,['No strong anomaly indicator']
11594205,14.976539147192838,Low,['No strong anomaly indicator']
15880882,27.94509133690004,Low,['No strong anomaly indicator']
19967477,25.8981894273199,Low,['No strong anomaly indicator']
0,7.7901029960007975,Low,['Low bidder competition']
16083696,15.779909217267083,Low,['No strong anomaly indicator']
0,6.655696823032869,Low,['No strong anomaly indicator']
2925000,19.714418533954287,Low,['Low bidder competition']
29577280,28.049121166941774,Low,['No strong anomaly indicator']
11425000,16.431913199676487,Low,['No strong anomaly indicator']
0,12.075363729426154,Low,['Low bidder competition']
11640000,15.829913909933165,Low,['No strong anomaly indicator']
5040758,21.278384026073216,Low,['No strong anomaly indicator']
11214668,5.910550727063864,Low,['No strong anomaly indicator']
815659,46.84628854149197,Medium,['No strong anomaly indicator']
251975,59.21446756830227,Medium,['No strong anomaly indicator']
3013000,12.83275493344626,Low,['No strong anomaly indicator']
1366038,64.51521255755992,Medium,['No strong anomaly indicator']
1333860,64.51521255755992,Medium,['No strong anomaly indicator']
7722000,9.181930501267132,Low,['Low bidder competition']
249000,64.88094143190139,Medium,['No strong anomaly indicator']
583272,56.106850521704295,Medium,['No strong anomaly indicator']
367733,64.1277069247763,Medium,['No strong anomaly indicator']
9118447,6.857410204848627,Low,['No strong anomaly indicator']
1515750,10.104336237574067,Low,['Low bidder competition']
728904,7.105776532916451,Low,['No strong anomaly indicator']
247172,8.14496973344447,Low,['No strong anomaly indicator']
5819415,4.839882839822359,Low,['No strong anomaly indicator']
2321557,5.966351176509214,Low,['No strong anomaly indicator']
8785119,8.900939220499161,Low,['No strong anomaly indicator']
7692449,9.181930501267132,Low,['Low bidder competition']
8775097,14.711814522807664,Low,['No strong anomaly indicator']
6073819,24.590601766447215,Low,['No strong anomaly indicator']
10863684,10.576008174050578,Low,['No strong anomaly indicator']
10927277,8.878482255582277,Low,['No strong anomaly indicator']
25801000,14.216062314487083,Low,['No strong anomaly indicator']
18000000,12.173671993389956,Low,['No strong anomaly indicator']
3500000,39.3384975404693,Low,['No strong anomaly indicator']
2594596,16.674893861438356,Low,['No strong anomaly indicator']
2254061,27.89960338045602,Low,['No strong anomaly indicator']
4004000,19.35759734745102,Low,['No strong anomaly indicator']
17191808,14.843702863773611,Low,['No strong anomaly indicator']
8796815,10.487478383820438,Low,['No strong anomaly indicator']
3512316,19.336712439346478,Low,['No strong anomaly indicator']
3835736,48.86390593945161,Medium,['No strong anomaly indicator']
8213309,21.837355391638873,Low,['No strong anomaly indicator']
4581595,51.320821739946496,Medium,['No strong anomaly indicator']
10021217,18.26329445677398,Low,['No strong anomaly indicator']
6817494,39.484606864185494,Low,['No strong anomaly indicator']
0,65.17786941891397,Medium,['No strong anomaly indicator']
70284000,15.599685010387745,Low,['Unusually high contract value']
19832569,5.70534297649084,Low,['No strong anomaly indicator']
8000,32.78363577766329,Low,['Low bidder competition']
9219000,15.953826137388553,Low,['No strong anomaly indicator']
1268911000,70.98404188439002,High,"['Low bidder competition', 'Unusually high contract value']"
16995710,8.576335013556388,Low,['No strong anomaly indicator']
377414,11.515429204792163,Low,['No strong anomaly indicator']
9808894,9.22938379744572,Low,['Low bidder competition']
9607680,5.282177958703713,Low,['No strong anomaly indicator']
9682619,5.282177958703713,Low,['No strong anomaly indicator']
4401731,5.548275796468872,Low,['No strong anomaly indicator']
4428400,5.287294201681519,Low,['No strong anomaly indicator']
4299454,8.88070577971471,Low,['Low bidder competition']
26055150,11.567144485725727,Low,['No strong anomaly indicator']
366638,8.072048268269775,Low,['No strong anomaly indicator']
3317235,11.096816997516171,Low,['No strong anomaly indicator']
366638,11.221750736674839,Low,['Low bidder competition']
2665852,9.651159132548443,Low,['Low bidder competition']
2947805,5.931287981439475,Low,['No strong anomaly indicator']
488724,16.879016110878638,Low,['No strong anomaly indicator']
2917148,5.931287981439475,Low,['No strong anomaly indicator']
455906,7.344969074596058,Low,['No strong anomaly indicator']
8066911,9.278339031771822,Low,['Low bidder competition']
409772,14.153327541241225,Low,['No strong anomaly indicator']
8179463,9.278339031771822,Low,['Low bidder competition']
1988424,17.572647515476117,Low,['No strong anomaly indicator']
7951296,14.467710845946929,Low,['Low bidder competition']
7276007,5.5613427993422775,Low,['No strong anomaly indicator']
4296367,8.88070577971471,Low,['Low bidder competition']
4487925,6.98434501919828,Low,['No strong anomaly indicator']
4341508,5.5173903890277884,Low,['No strong anomaly indicator']
7391944,9.583968866526178,Low,['No strong anomaly indicator']
4391996,5.287294201681519,Low,['No strong anomaly indicator']
8500000,6.852553281849467,Low,['No strong anomaly indicator']
15394811,8.267846033229901,Low,['No strong anomaly indicator']
7883000,5.13880815072018,Low,['No strong anomaly indicator']
4545851,18.81970882242432,Low,['No strong anomaly indicator']
10511006,14.618659129771363,Low,['No strong anomaly indicator']
2814569,10.497312563265389,Low,['No strong anomaly indicator']
363780,7.384928522451304,Low,['No strong anomaly indicator']
4362943,16.0079914246552,Low,['No strong anomaly indicator']
6274932,9.11554724349513,Low,['No strong anomaly indicator']
485040,11.628280871485074,Low,['No strong anomaly indicator']
18837020,10.703640713927769,Low,['No strong anomaly indicator']
12798895,19.316400082909507,Low,['No strong anomaly indicator']
1930000,15.581903895518682,Low,['Low bidder competition']
4424496,12.042905397416614,Low,['No strong anomaly indicator']
731000,16.533981675135358,Low,['Low bidder competition']
1284808,13.847294513444968,Low,['No strong anomaly indicator']
21859532,12.045288095175518,Low,['No strong anomaly indicator']
21168717,11.916356602447198,Low,['No strong anomaly indicator']
4975559,27.927774931098092,Low,['No strong anomaly indicator']
135920,7.530730859078581,Low,['No strong anomaly indicator']
1464926,16.053812035175252,Low,['No strong anomaly indicator']
4679675,15.913500371199845,Low,['No strong anomaly indicator']
9959763,10.7730002844892,Low,['No strong anomaly indicator']
493168,11.161017060478578,Low,['Low bidder competition']
493168,9.858967557842874,Low,['No strong anomaly indicator']
20533000,8.711184473623291,Low,['No strong anomaly indicator']
30834364,16.339842783481316,Low,['Low bidder competition']
18273000,8.828012449924401,Low,['No strong anomaly indicator']
16179994,8.37869395133778,Low,['No strong anomaly indicator']
24448000,13.465434486231548,Low,['No strong anomaly indicator']
9803783,14.735750531206033,Low,['No strong anomaly indicator']
16474600,14.780443173483786,Low,['No strong anomaly indicator']
6466098,14.804669703947113,Low,['Low bidder competition']
14960445,6.66861757008693,Low,['Low bidder competition']
15245278,6.426630209659265,Low,['Low bidder competition']
9147167,6.238880865070016,Low,['Low bidder competition']
7371277,6.045459404323168,Low,['Low bidder competition']
4379856,5.256497067596236,Low,['No strong anomaly indicator']
7647143,6.027934932953727,Low,['Low bidder competition']
7371277,6.045459404323168,Low,['Low bidder competition']
7622640,6.027934932953727,Low,['Low bidder competition']
31202200,12.126446343143343,Low,['No strong anomaly indicator']
8728998,5.3267007590289595,Low,['No strong anomaly indicator']
4425967,5.548275796468872,Low,['No strong anomaly indicator']
20143451,9.283615145258608,Low,['No strong anomaly indicator']
6466098,5.176561930081185,Low,['No strong anomaly indicator']
16351884,10.336902622566512,Low,['No strong anomaly indicator']
9582306,9.07767641872443,Low,['Low bidder competition']
11196218,14.946750010885637,Low,['No strong anomaly indicator']
12036845,15.234812531650093,Low,['No strong anomaly indicator']
14230470,10.353511726944838,Low,['No strong anomaly indicator']
13224237,9.523285365856786,Low,['No strong anomaly indicator']
23981082,10.125958852531767,Low,['No strong anomaly indicator']
4479370,18.913305429046645,Low,['No strong anomaly indicator']
27000000,20.21357741294071,Low,['Low bidder competition']
3167929,6.310370695833782,Low,['No strong anomaly indicator']
4564935,5.5577673537881935,Low,['No strong anomaly indicator']
27884722,11.154478939273332,Low,['No strong anomaly indicator']
3153336,9.465229489974085,Low,['Low bidder competition']
57000355,21.759976810108252,Low,['Unusually high contract value']
6169875,16.88701423737453,Low,['No strong anomaly indicator']
280000000,39.93260376463534,Low,"['Low bidder competition', 'Unusually high contract value']"
0,19.93765150332107,Low,['Low bidder competition']
10500000,11.580036754237483,Low,['Low bidder competition']
0,17.037338361781842,Low,['No strong anomaly indicator']
53670389,19.004402732138242,Low,['Unusually high contract value']
0,11.329480199005818,Low,['No strong anomaly indicator']
62784,8.266846657527886,Low,['No strong anomaly indicator']
377936,8.962137368980244,Low,['No strong anomaly indicator']
33719687,13.211709496354377,Low,['No strong anomaly indicator']
10805998,1.3472103807406413,Low,['No strong anomaly indicator']
9499963,0.19508152861274652,Low,['No strong anomaly indicator']
8580000,0.06766527973312719,Low,['No strong anomaly indicator']
5039060,0.8211769131787463,Low,['No strong anomaly indicator']
8039073,0.0,Low,['No strong anomaly indicator']
29600000,58.41964239528657,Medium,['No strong anomaly indicator']
5000000,28.738064079030046,Low,['No strong anomaly indicator']
0,24.310659864439167,Low,['No strong anomaly indicator']
19832569,4.922344669530695,Low,['No strong anomaly indicator']
862000,4.6551278171391814,Low,['Low bidder competition']
9989956,0.30090018107193117,Low,['No strong anomaly indicator']
9987955,0.30090018107193117,Low,['No strong anomaly indicator']
9979871,0.30090018107193117,Low,['No strong anomaly indicator']
9988401,0.30090018107193117,Low,['No strong anomaly indicator']
9983915,0.30090018107193117,Low,['No strong anomaly indicator']
9984626,0.30090018107193117,Low,['No strong anomaly indicator']
5707834,17.29854046023811,Low,['No strong anomaly indicator']
9749400,0.3466981943638814,Low,['No strong anomaly indicator']
9479495,0.19508152861274652,Low,['No strong anomaly indicator']
7724966,0.09030599401273065,Low,['No strong anomaly indicator']
20000000,32.07572591303709,Low,['No strong anomaly indicator']
5479662,19.249213213085955,Low,['Low bidder competition']
5353646,19.051256474901134,Low,['Low bidder competition']
7294717,17.883837335232634,Low,['Low bidder competition']
7912813,17.767504586455416,Low,['Low bidder competition']
6054357,18.75198017879512,Low,['Low bidder competition']
7469969,0.2296658183506466,Low,['No strong anomaly indicator']
8264778,0.26677175173912815,Low,['No strong anomaly indicator']
9549715,0.11618899759545798,Low,['No strong anomaly indicator']
9995142,0.2717896246696796,Low,['No strong anomaly indicator']
9798136,0.32072746259537865,Low,['No strong anomaly indicator']
2499875,4.426659134829578,Low,['No strong anomaly indicator']
2499874,4.426659134829578,Low,['No strong anomaly indicator']
4901600,0.682675410520325,Low,['No strong anomaly indicator']
19899377,10.700212488062483,Low,['No strong anomaly indicator']
9883555,0.24691874726643448,Low,['No strong anomaly indicator']
8993218,18.647916940462206,Low,['Low bidder competition']
14683874,6.726153236554879,Low,['No strong anomaly indicator']
9514680,0.11618899759545798,Low,['No strong anomaly indicator']
12462406,2.8552321077957714,Low,['No strong anomaly indicator']
2305021,4.190241699774198,Low,['Low bidder competition']
2229944,2.363426619562034,Low,['No strong anomaly indicator']
1956951,2.4386569973305185,Low,['No strong anomaly indicator']
2112516,2.363426619562034,Low,['No strong anomaly indicator']
2377530,2.312146508863343,Low,['No strong anomaly indicator']
2219908,2.6055625969939555,Low,['No strong anomaly indicator']
2379689,4.13789860224923,Low,['Low bidder competition']
2241594,2.6055625969939555,Low,['No strong anomaly indicator']
2481717,3.9920231516655704,Low,['Low bidder competition']
3500000,2.5522995123616,Low,['No strong anomaly indicator']
9614693,16.104036102544935,Low,['Low bidder competition']
4914000,2.122570143189435,Low,['No strong anomaly indicator']
3488000,1.9260716557033035,Low,['No strong anomaly indicator']
20722000,3.7578455866838425,Low,['No strong anomaly indicator']
87366222,35.10109847408897,Low,['Unusually high contract value']
87218794,35.10109847408897,Low,['Unusually high contract value']
87344232,35.10109847408897,Low,['Unusually high contract value']
87167237,35.141993540553884,Low,['Unusually high contract value']
2980354,4.432773202303835,Low,['No strong anomaly indicator']
3960361,4.310306990088911,Low,['No strong anomaly indicator']
3465801,4.7213984938278415,Low,['No strong anomaly indicator']
2971504,4.432773202303835,Low,['No strong anomaly indicator']
2997286,4.432773202303835,Low,['No strong anomaly indicator']
2474800,4.398271266301755,Low,['No strong anomaly indicator']
3972326,4.310306990088911,Low,['No strong anomaly indicator']
2473348,4.398271266301755,Low,['No strong anomaly indicator']
4983146,4.1333978242734375,Low,['No strong anomaly indicator']
0,3.3646872362331024,Low,['No strong anomaly indicator']
2997286,4.432773202303835,Low,['No strong anomaly indicator']
158579000,37.763194394211965,Low,"['Low bidder competition', 'Unusually high contract value']"
2583000,2.9207676315771565,Low,['No strong anomaly indicator']
98836000,31.26429771940287,Low,"['Low bidder competition', 'Unusually high contract value']"
0,27.655442666298484,Low,['No strong anomaly indicator']
0,31.41981246225285,Low,['No strong anomaly indicator']
0,29.899258357711602,Low,['No strong anomaly indicator']
0,27.655442666298484,Low,['No strong anomaly indicator']
0,27.655442666298484,Low,['No strong anomaly indicator']
2533749,20.201365727922084,Low,['No strong anomaly indicator']
17152000,4.05744402305541,Low,['No strong anomaly indicator']
11511000,3.4833963589812527,Low,['No strong anomaly indicator']
13300400,10.512695494322266,Low,['Low bidder competition']
8977763,3.294487157077924,Low,['No strong anomaly indicator']
7500000,3.4519385897687016,Low,['No strong anomaly indicator']
95000000,44.401352434759666,Medium,['Unusually high contract value']
95000000,46.59978455595071,Medium,['Unusually high contract value']
95000000,50.331399097292774,Medium,"['Low bidder competition', 'Unusually high contract value']"
95000000,47.47653681749229,Medium,['Unusually high contract value']
95000000,47.47653681749229,Medium,['Unusually high contract value']
3500000,3.363913036092711,Low,['No strong anomaly indicator']
3500000,3.363913036092711,Low,['No strong anomaly indicator']
3500000,2.481052894024444,Low,['No strong anomaly indicator']
3500000,2.481052894024444,Low,['No strong anomaly indicator']
3500000,2.481052894024444,Low,['No strong anomaly indicator']
3500000,3.363913036092711,Low,['No strong anomaly indicator']
2228683,5.734436994329151,Low,['No strong anomaly indicator']
8877796,18.79048215415072,Low,['Low bidder competition']
4301993,1.8114921264055113,Low,['No strong anomaly indicator']
9199416,0.11072061552464874,Low,['No strong anomaly indicator']
6147918,0.10363113730662832,Low,['No strong anomaly indicator']
0,14.63698647698866,Low,['Low bidder competition']
7396400,16.63441968931926,Low,['No strong anomaly indicator']
7396400,22.171037998119186,Low,['Low bidder competition']
7396400,17.381231034252533,Low,['No strong anomaly indicator']
7396400,18.870100164748358,Low,['No strong anomaly indicator']
7396400,18.870100164748358,Low,['No strong anomaly indicator']
7396400,16.63441968931926,Low,['No strong anomaly indicator']
7396400,16.63441968931926,Low,['No strong anomaly indicator']
7396400,17.499106066456445,Low,['No strong anomaly indicator']
7396400,22.171037998119186,Low,['Low bidder competition']
7396400,22.171037998119186,Low,['Low bidder competition']
7396400,22.171037998119186,Low,['Low bidder competition']
0,24.457765673635315,Low,['No strong anomaly indicator']
0,23.7132170173009,Low,['No strong anomaly indicator']
0,24.457765673635315,Low,['No strong anomaly indicator']
0,23.7132170173009,Low,['No strong anomaly indicator']
0,24.48413823786926,Low,['No strong anomaly indicator']
7396400,22.171037998119186,Low,['Low bidder competition']
7396400,18.30644413519383,Low,['Low bidder competition']
7396400,18.30644413519383,Low,['Low bidder competition']
7396400,17.381231034252533,Low,['No strong anomaly indicator']
7396400,18.30644413519383,Low,['Low bidder competition']
7396400,18.30644413519383,Low,['Low bidder competition']
7396400,18.30644413519383,Low,['Low bidder competition']
7396400,22.171037998119186,Low,['Low bidder competition']
95000000,44.401352434759666,Medium,['Unusually high contract value']
95000000,44.401352434759666,Medium,['Unusually high contract value']
95000000,44.34881004139605,Medium,['Unusually high contract value']
130980111,19.982535800047653,Low,['Unusually high contract value']
15340094,6.25820155030587,Low,['Low bidder competition']
3000000,17.040326497485676,Low,['No strong anomaly indicator']
10000000,51.57673390425954,Medium,['No strong anomaly indicator']
15000000,51.91968358224792,Medium,['No strong anomaly indicator']
10000000,51.57673390425954,Medium,['No strong anomaly indicator']
11916800,13.787421825851009,Low,['No strong anomaly indicator']
17500000,18.95367601158639,Low,['No strong anomaly indicator']
3435000,1.7628408602812584,Low,['No strong anomaly indicator']
18964000,0.9358207527885511,Low,['No strong anomaly indicator']
16600000,0.9710046585059047,Low,['No strong anomaly indicator']
15000000,0.9744321010537078,Low,['No strong anomaly indicator']
6646000,1.2385340068505215,Low,['No strong anomaly indicator']
8999000,0.7532318470233434,Low,['No strong anomaly indicator']
8297000,0.7204444201717237,Low,['No strong anomaly indicator']
4545400,2.6100898565483135,Low,['No strong anomaly indicator']
3167100,5.0504470999772195,Low,['Low bidder competition']
3343700,5.2295351883906065,Low,['Low bidder competition']
4965528,0.6858602589439329,Low,['No strong anomaly indicator']
8243156,0.08424849755947861,Low,['No strong anomaly indicator']
10520464,21.0604294551198,Low,['Low bidder competition']
12448249,23.305622271067264,Low,['Low bidder competition']
21053900,11.282863965751357,Low,['No strong anomaly indicator']
10373470,0.6634853347704137,Low,['No strong anomaly indicator']
0,4.510799855531118,Low,['No strong anomaly indicator']
1933983,6.757652924869269,Low,['No strong anomaly indicator']
2499630,4.426659134829578,Low,['No strong anomaly indicator']
0,13.327179825658504,Low,['Low bidder competition']
16655325,4.1756644479561515,Low,['No strong anomaly indicator']
16655325,4.5757212269975795,Low,['Low bidder competition']
86675981,14.990262360853517,Low,['Unusually high contract value']
10178835,3.3040390307650966,Low,['No strong anomaly indicator']
2547015,10.605396225297781,Low,['No strong anomaly indicator']
50500000,11.157274872213861,Low,"['Low bidder competition', 'Unusually high contract value']"
194589065,28.124365552002605,Low,['Unusually high contract value']
79067055,13.065724193198118,Low,['Unusually high contract value']
13573289,6.44483427356046,Low,['Low bidder competition']
1268900000,71.15353643619113,High,['Unusually high contract value']
0,26.776373588119043,Low,['No strong anomaly indicator']
4567468,42.45692789521586,Medium,['No strong anomaly indicator']
6699538,0.519885182971116,Low,['No strong anomaly indicator']
4993447,17.462354703896,Low,['No strong anomaly indicator']
4963648,0.6858602589439329,Low,['No strong anomaly indicator']
9927295,19.632358232371743,Low,['Low bidder competition']
4993447,0.6858602589439329,Low,['No strong anomaly indicator']
4963648,0.6858602589439329,Low,['No strong anomaly indicator']
4993447,15.176407718539178,Low,['Low bidder competition']
8449657,18.285028420661597,Low,['Low bidder competition']
8979813,18.647916940462206,Low,['Low bidder competition']
9799683,0.32072746259537865,Low,['No strong anomaly indicator']
9210893,0.11072061552464874,Low,['No strong anomaly indicator']
4339549,1.6958796904200213,Low,['No strong anomaly indicator']
5399863,0.6295989833841915,Low,['No strong anomaly indicator']
4349946,1.6958796904200213,Low,['No strong anomaly indicator']
9981701,0.30090018107193117,Low,['No strong anomaly indicator']
6015679,0.11470390068241443,Low,['No strong anomaly indicator']
11142414,1.729601511224189,Low,['No strong anomaly indicator']
10897136,1.3472103807406413,Low,['No strong anomaly indicator']
9239985,0.11072061552464874,Low,['No strong anomaly indicator']
8247993,0.23767273879835216,Low,['No strong anomaly indicator']
4992773,0.6858602589439329,Low,['No strong anomaly indicator']
9368263,0.3239191833542847,Low,['No strong anomaly indicator']
8439337,0.24426911225521764,Low,['No strong anomaly indicator']
9999119,0.2717896246696796,Low,['No strong anomaly indicator']
9998231,0.2717896246696796,Low,['No strong anomaly indicator']
9287651,0.11072061552464874,Low,['No strong anomaly indicator']
9996119,0.2717896246696796,Low,['No strong anomaly indicator']
9994709,0.2717896246696796,Low,['No strong anomaly indicator']
9987256,0.30090018107193117,Low,['No strong anomaly indicator']
8687934,0.027127233421808228,Low,['No strong anomaly indicator']
7934663,0.0,Low,['No strong anomaly indicator']
3695060,2.7582397115129282,Low,['No strong anomaly indicator']
57050000,16.268339187302757,Low,"['Low bidder competition', 'Unusually high contract value']"
5607020,6.097992349737865,Low,['No strong anomaly indicator']
3437500,3.480083099912541,Low,['No strong anomaly indicator']
20366500,16.81955791081496,Low,['No strong anomaly indicator']
15614600,19.842144625377653,Low,['No strong anomaly indicator']
14331500,21.202652121762412,Low,['No strong anomaly indicator']
24716000,7.134278161415246,Low,['No strong anomaly indicator']
24717700,9.018562512211226,Low,['No strong anomaly indicator']
20000000,16.175274854202133,Low,['No strong anomaly indicator']
5197000,11.066670516237387,Low,['No strong anomaly indicator']
9088000,10.312032252875696,Low,['No strong anomaly indicator']
7518000,3.8830225485248064,Low,['No strong anomaly indicator']
19111000,5.856255916439871,Low,['No strong anomaly indicator']
20000000,16.175274854202133,Low,['No strong anomaly indicator']
9980000,3.6705009617391653,Low,['No strong anomaly indicator']
9999000,5.760149031915354,Low,['No strong anomaly indicator']
5890000,13.190247613843162,Low,['No strong anomaly indicator']
20000000,3.8120680635948787,Low,['No strong anomaly indicator']
20000000,7.697343381760263,Low,['No strong anomaly indicator']
20000000,0.9358207527885511,Low,['No strong anomaly indicator']
20000000,0.9358207527885511,Low,['No strong anomaly indicator']
14508000,3.740638702672335,Low,['Low bidder competition']
13951000,1.7640542015174319,Low,['No strong anomaly indicator']
23769000,4.302436606127621,Low,['Low bidder competition']
23257000,4.2330518034588,Low,['Low bidder competition']
27333000,4.831805058063658,Low,['Low bidder competition']
51819000,7.056281629519098,Low,['Unusually high contract value']
34367000,3.5858024345763155,Low,['No strong anomaly indicator']
37300000,3.2097291280966687,Low,['No strong anomaly indicator']
31252000,2.785236433973971,Low,['No strong anomaly indicator']
29666000,3.0992430248094394,Low,['No strong anomaly indicator']
23172600,2.662400472801245,Low,['No strong anomaly indicator']
22956700,11.556625811306997,Low,['No strong anomaly indicator']
17952300,3.546451739977293,Low,['No strong anomaly indicator']
20000000,2.065946534933218,Low,['No strong anomaly indicator']
14863000,3.7748782032845725,Low,['No strong anomaly indicator']
25960000,1.8263862009760743,Low,['No strong anomaly indicator']
11324000,2.1160147149381245,Low,['No strong anomaly indicator']
15728000,3.6271978474515194,Low,['Low bidder competition']
19820000,3.6723815445202987,Low,['Low bidder competition']
18639000,3.5822552787304787,Low,['Low bidder competition']
31000000,2.785236433973971,Low,['No strong anomaly indicator']
13500000,2.279520435775858,Low,['No strong anomaly indicator']
35000000,3.008953705564565,Low,['No strong anomaly indicator']
6500000,1.2679716615867989,Low,['No strong anomaly indicator']
34996000,3.008953705564565,Low,['No strong anomaly indicator']
30000000,5.354098255992291,Low,['Low bidder competition']
20000000,3.6723815445202987,Low,['Low bidder competition']
58100000,8.195746276039856,Low,['Unusually high contract value']
15868300,0.9710046585059047,Low,['No strong anomaly indicator']
20000000,0.9358207527885511,Low,['No strong anomaly indicator']
20000000,3.8120680635948787,Low,['No strong anomaly indicator']
11683000,20.1743694131957,Low,['No strong anomaly indicator']
20000000,7.697343381760263,Low,['No strong anomaly indicator']
15000000,2.1485910357038875,Low,['No strong anomaly indicator']
14300000,5.874243114003789,Low,['No strong anomaly indicator']
17077000,5.765458462203817,Low,['No strong anomaly indicator']
17732000,1.8843277788283714,Low,['No strong anomaly indicator']
14395000,5.874243114003789,Low,['No strong anomaly indicator']
19971000,2.065946534933218,Low,['No strong anomaly indicator']
13353000,7.610495669546538,Low,['No strong anomaly indicator']
29980000,3.1037252671641795,Low,['No strong anomaly indicator']
64350000,12.955155945253178,Low,['Unusually high contract value']
46131000,4.884761223686006,Low,['Unusually high contract value']
30402000,9.68922872010252,Low,['No strong anomaly indicator']
37739000,6.364914954639943,Low,['No strong anomaly indicator']
20000000,2.065946534933218,Low,['No strong anomaly indicator']
33075000,4.147957014168107,Low,['No strong anomaly indicator']
26822000,2.6217158239149683,Low,['No strong anomaly indicator']
19628000,1.6115040769699576,Low,['No strong anomaly indicator']
6999555,18.459043989951876,Low,['Low bidder competition']
7998920,17.684317722170285,Low,['Low bidder competition']
3999983,21.01942529212125,Low,['Low bidder competition']
6496407,19.026419056067972,Low,['Low bidder competition']
4940991,0.750441125412884,Low,['No strong anomaly indicator']
4976132,0.6858602589439329,Low,['No strong anomaly indicator']
5665980,18.93919894056629,Low,['Low bidder competition']
4967975,19.538377720175202,Low,['Low bidder competition']
3960005,2.430778615194228,Low,['No strong anomaly indicator']
2271093,5.112909939435383,Low,['No strong anomaly indicator']
2073914,6.257914746114977,Low,['No strong anomaly indicator']
9537310,0.11618899759545798,Low,['No strong anomaly indicator']
7843567,17.395610793147096,Low,['No strong anomaly indicator']
6254963,0.46569875337820577,Low,['No strong anomaly indicator']
2499620,4.426659134829578,Low,['No strong anomaly indicator']
2499876,4.426659134829578,Low,['No strong anomaly indicator']
10000000,29.0895569489825,Low,['No strong anomaly indicator']
3959900,3.158553684637546,Low,['No strong anomaly indicator']
2264396,3.3568811907775924,Low,['No strong anomaly indicator']
10000000,29.0895569489825,Low,['No strong anomaly indicator']
3000000,30.010946060124706,Low,['No strong anomaly indicator']
9986912,17.84298451520297,Low,['No strong anomaly indicator']
9826149,17.772908528642834,Low,['No strong anomaly indicator']
9488379,17.901410579364846,Low,['No strong anomaly indicator']
8963239,17.510862070356644,Low,['No strong anomaly indicator']
9886289,17.807940595366276,Low,['No strong anomaly indicator']
9421442,17.866346897733223,Low,['No strong anomaly indicator']
8298075,17.395077994452144,Low,['No strong anomaly indicator']
8199684,17.253115211968904,Low,['No strong anomaly indicator']
5998486,17.034860979460266,Low,['No strong anomaly indicator']
6282729,0.4596490752597262,Low,['No strong anomaly indicator']
5766925,0.4381688972137141,Low,['No strong anomaly indicator']
7568620,17.785982540162948,Low,['Low bidder competition']
7461598,17.933474809235825,Low,['Low bidder competition']
7714836,17.75723038079465,Low,['Low bidder competition']
17237627,9.204637760744454,Low,['No strong anomaly indicator']
6820836,0.6249993797673099,Low,['No strong anomaly indicator']
8599765,17.39813978084829,Low,['No strong anomaly indicator']
9100000,17.58076069987728,Low,['No strong anomaly indicator']
20000000,3.6723815445202987,Low,['Low bidder competition']
491700000,48.89044291185807,Medium,['Unusually high contract value']
100258000,13.687085752653772,Low,['Unusually high contract value']
317209000,35.92090352624972,Low,['Unusually high contract value']
14254000,2.1485910357038875,Low,['No strong anomaly indicator']
30000000,2.463798562038768,Low,['No strong anomaly indicator']
403754582,44.26598054460003,Medium,['Unusually high contract value']
50000000,10.942555134720529,Low,['Unusually high contract value']
147297785,51.11610677212961,Medium,['Unusually high contract value']
19803960000,79.52075685568907,High,['Unusually high contract value']
6023950,0.11470390068241443,Low,['No strong anomaly indicator']
4415388,1.7254720882444659,Low,['No strong anomaly indicator']
7467695,0.2296658183506466,Low,['No strong anomaly indicator']
7267981,0.34422835005386787,Low,['No strong anomaly indicator']
7145552,0.4232279928878029,Low,['No strong anomaly indicator']
6321787,0.4596490752597262,Low,['No strong anomaly indicator']
6334663,0.4381500730693304,Low,['No strong anomaly indicator']
7170234,0.2932365436136095,Low,['No strong anomaly indicator']
7284406,0.34422835005386787,Low,['No strong anomaly indicator']
9989677,0.30090018107193117,Low,['No strong anomaly indicator']
9997079,0.2717896246696796,Low,['No strong anomaly indicator']
8993479,0.053566491952913964,Low,['No strong anomaly indicator']
5914852,17.01028945826217,Low,['No strong anomaly indicator']
6263375,17.207756562441222,Low,['No strong anomaly indicator']
7356833,0.24839539897875795,Low,['No strong anomaly indicator']
1994558,6.63436965888247,Low,['No strong anomaly indicator']
1991970,6.63436965888247,Low,['No strong anomaly indicator']
6582550,0.5432192471739228,Low,['No strong anomaly indicator']
3988346,2.4638918058474033,Low,['No strong anomaly indicator']
7750343,0.09030599401273065,Low,['No strong anomaly indicator']
19538934,10.470207418507925,Low,['No strong anomaly indicator']
9649340,19.557198005013426,Low,['Low bidder competition']
4944216,0.750441125412884,Low,['No strong anomaly indicator']
9261179,0.11072061552464874,Low,['No strong anomaly indicator']
3698138,16.491218231122293,Low,['Low bidder competition']
6987868,18.459043989951876,Low,['Low bidder competition']
9799892,0.32072746259537865,Low,['No strong anomaly indicator']
8849833,0.11244457192003665,Low,['No strong anomaly indicator']
4833186,15.095573455247944,Low,['Low bidder competition']
7893101,17.862346224808036,Low,['Low bidder competition']
8107507,17.649327469145902,Low,['Low bidder competition']
4937351,0.750441125412884,Low,['No strong anomaly indicator']
4952012,0.6858602589439329,Low,['No strong anomaly indicator']
29915603,12.03030165029487,Low,['No strong anomaly indicator']
49244469,24.569096009962436,Low,['Unusually high contract value']
2499997,4.426659134829578,Low,['No strong anomaly indicator']
4172412,2.0984444678280454,Low,['No strong anomaly indicator']
3961137,2.430778615194228,Low,['No strong anomaly indicator']
7426137,0.2296658183506466,Low,['No strong anomaly indicator']
6930677,0.5724438023456813,Low,['No strong anomaly indicator']
9789245,0.32072746259537865,Low,['No strong anomaly indicator']
4653609,1.2227567453086436,Low,['No strong anomaly indicator']
151338636,51.78897645560352,Medium,['Unusually high contract value']
2160000,18.79783661006599,Low,['Low bidder competition']
26116044,4.9883259487852385,Low,['No strong anomaly indicator']
7947670,5.384568929494591,Low,['No strong anomaly indicator']
8000,32.78363577766329,Low,['Low bidder competition']
19635000,4.37696238663969,Low,['No strong anomaly indicator']
19511300,4.553873437041844,Low,['No strong anomaly indicator']
9861000,4.799255599846795,Low,['No strong anomaly indicator']
19423700,4.37696238663969,Low,['No strong anomaly indicator']
16810000,4.261818013067511,Low,['No strong anomaly indicator']
4308945,2.5343182718292567,Low,['No strong anomaly indicator']
5026980,0.7823152465651475,Low,['No strong anomaly indicator']
5000000,10.224057616072074,Low,['No strong anomaly indicator']
19149400,4.880369975899995,Low,['No strong anomaly indicator']
56088481,12.05501690225858,Low,"['Low bidder competition', 'Unusually high contract value']"
40500000,29.88286471357341,Low,['Unusually high contract value']
0,21.3830278746437,Low,['No strong anomaly indicator']
64000000,45.602485149255784,Medium,['Unusually high contract value']
7722000,5.13880815072018,Low,['No strong anomaly indicator']
8728998,6.821226720883402,Low,['No strong anomaly indicator']
366638,9.080636654150936,Low,['No strong anomaly indicator']
8066911,6.476655800622076,Low,['No strong anomaly indicator']
7951296,7.028764185653088,Low,['No strong anomaly indicator']
27000000,11.064587766527112,Low,['No strong anomaly indicator']
1930000,6.42163071700913,Low,['No strong anomaly indicator']
731000,7.522980860385871,Low,['No strong anomaly indicator']
16351884,12.038991038220807,Low,['No strong anomaly indicator']
2665852,47.84641102767952,Medium,['No strong anomaly indicator']
2814569,35.694155890233525,Low,['No strong anomaly indicator']
363780,21.76441652442285,Low,['No strong anomaly indicator']
135920,10.049744972899482,Low,['No strong anomaly indicator']
1464926,35.943912683098496,Low,['No strong anomaly indicator']
9959763,27.324016543753864,Low,['No strong anomaly indicator']
14492790,10.706407573004185,Low,['Low bidder competition']
9335707,0.33607728634486733,Low,['No strong anomaly indicator']
9958000,0.3146552176104791,Low,['No strong anomaly indicator']
3599843,2.943496495315941,Low,['No strong anomaly indicator']
3189074,3.525439458904742,Low,['No strong anomaly indicator']
2584744,4.417365830562801,Low,['No strong anomaly indicator']
6329193,0.4381500730693304,Low,['No strong anomaly indicator']
6520946,0.5432192471739228,Low,['No strong anomaly indicator']
9989687,0.30090018107193117,Low,['No strong anomaly indicator']
6629810,0.5432192471739228,Low,['No strong anomaly indicator']
6724655,0.5848660069218639,Low,['No strong anomaly indicator']
6778212,0.5770487929182622,Low,['No strong anomaly indicator']
9792297,0.32072746259537865,Low,['No strong anomaly indicator']
8497250,0.24426911225521764,Low,['No strong anomaly indicator']
9988080,0.30090018107193117,Low,['No strong anomaly indicator']
5740626,0.4286610775666304,Low,['No strong anomaly indicator']
7920812,0.0,Low,['No strong anomaly indicator']
5849992,0.4381688972137141,Low,['No strong anomaly indicator']
4999998,0.6858602589439329,Low,['No strong anomaly indicator']
6982644,0.5724438023456813,Low,['No strong anomaly indicator']
6093751,0.10363113730662832,Low,['No strong anomaly indicator']
2574254,17.614913069256534,Low,['Low bidder competition']
2772041,17.871876923618355,Low,['Low bidder competition']
5815861,8.01959600098155,Low,['No strong anomaly indicator']
7307629,8.105263089286211,Low,['No strong anomaly indicator']
15229231,7.220052263958827,Low,['No strong anomaly indicator']
19832569,6.567138732545956,Low,['Low bidder competition']
4000000,17.091257119283522,Low,['No strong anomaly indicator']
4000000,8.11155052604282,Low,['No strong anomaly indicator']
4000000,10.024419984555784,Low,['No strong anomaly indicator']
4000000,8.925117960978184,Low,['No strong anomaly indicator']
4000000,12.362728860934197,Low,['No strong anomaly indicator']
4000000,9.475519234191417,Low,['Low bidder competition']
0,17.170830544885945,Low,['Low bidder competition']
13000000,4.244351363401535,Low,['No strong anomaly indicator']
4160000,2.0651714288953684,Low,['No strong anomaly indicator']
31134932,15.940529269700882,Low,['No strong anomaly indicator']
14999580,7.048406222057174,Low,['No strong anomaly indicator']
3948578,2.5265263217841323,Low,['No strong anomaly indicator']
9497877,0.19508152861274652,Low,['No strong anomaly indicator']
5946702,19.9144160766014,Low,['No strong anomaly indicator']
2888948,4.199530061565881,Low,['No strong anomaly indicator']
3301656,3.279978682443101,Low,['No strong anomaly indicator']
7176753,18.084118506707714,Low,['Low bidder competition']
5759412,18.87363254911069,Low,['Low bidder competition']
9629150,19.557198005013426,Low,['Low bidder competition']
4352833,1.6958796904200213,Low,['No strong anomaly indicator']
4467975,1.539716460438342,Low,['No strong anomaly indicator']
4944819,0.750441125412884,Low,['No strong anomaly indicator']
5265695,0.867551238173597,Low,['No strong anomaly indicator']
6539323,18.91598298113187,Low,['Low bidder competition']
9692492,0.315196889567936,Low,['No strong anomaly indicator']
3233214,3.2498604946150706,Low,['No strong anomaly indicator']
9489053,0.19508152861274652,Low,['No strong anomaly indicator']
4774421,1.071440438874518,Low,['No strong anomaly indicator']
5937026,0.27489612289759435,Low,['No strong anomaly indicator']
7999762,0.0,Low,['No strong anomaly indicator']
5039060,19.538377720175202,Low,['Low bidder competition']
8039073,17.649327469145902,Low,['Low bidder competition']
8382398,0.24426911225521764,Low,['No strong anomaly indicator']
5324215,0.7179659692345979,Low,['No strong anomaly indicator']
9897006,0.24691874726643448,Low,['No strong anomaly indicator']
4997762,0.6858602589439329,Low,['No strong anomaly indicator']
4997760,0.6858602589439329,Low,['No strong anomaly indicator']
3960866,2.430778615194228,Low,['No strong anomaly indicator']
9899494,0.24691874726643448,Low,['No strong anomaly indicator']
6849534,0.6249993797673099,Low,['No strong anomaly indicator']
9858604,0.24691874726643448,Low,['No strong anomaly indicator']
4071800,2.3446171771563655,Low,['No strong anomaly indicator']
4935930,0.8415372947768489,Low,['No strong anomaly indicator']
3107646,3.4561050801358277,Low,['No strong anomaly indicator']
3591189,2.943496495315941,Low,['No strong anomaly indicator']
2333193,5.082171788375476,Low,['No strong anomaly indicator']
9828935,0.24691874726643448,Low,['No strong anomaly indicator']
9197024,0.11072061552464874,Low,['No strong anomaly indicator']
5497068,0.6074669289224772,Low,['No strong anomaly indicator']
8594137,0.06766527973312719,Low,['No strong anomaly indicator']
5314028,0.7304878714011735,Low,['No strong anomaly indicator']
5906799,0.3040077303847397,Low,['No strong anomaly indicator']
4596857,14.1630983924702,Low,['No strong anomaly indicator']
2430656,22.349891924659655,Low,['No strong anomaly indicator']
1441804,22.745673694582973,Low,['No strong anomaly indicator']
1127540,22.59858999047169,Low,['No strong anomaly indicator']
800000000,60.11877017312103,Medium,['Unusually high contract value']
23981082,19.47653739818792,Low,['Low bidder competition']
30834364,12.137276532347975,Low,['No strong anomaly indicator']
2500000,15.236102651885304,Low,['Low bidder competition']
5000000,35.69611018681461,Low,['Low bidder competition']
6000000,12.20053431275105,Low,['Low bidder competition']
1729465,36.198529388647216,Low,['Low bidder competition']
11592690,33.62993466610945,Low,['No strong anomaly indicator']
5087000,35.572904402943834,Low,['Low bidder competition']
0,13.261020066596377,Low,['No strong anomaly indicator']
2938950,37.91330372418187,Low,['No strong anomaly indicator']
3650000,7.90111135768435,Low,['No strong anomaly indicator']
15297158,7.37699145313384,Low,['No strong anomaly indicator']
7295009,0.34422835005386787,Low,['No strong anomaly indicator']
14861112,6.726153236554879,Low,['No strong anomaly indicator']
6729912,18.818988233244802,Low,['Low bidder competition']
8999999,18.647916940462206,Low,['Low bidder competition']
6030757,0.11470390068241443,Low,['No strong anomaly indicator']
5628488,19.107542749126118,Low,['Low bidder competition']
4474883,20.253993428830455,Low,['Low bidder competition']
10805998,21.303637797654755,Low,['Low bidder competition']
8194917,18.175895877276595,Low,['Low bidder competition']
7470998,0.2296658183506466,Low,['No strong anomaly indicator']
9499963,19.36461901099727,Low,['Low bidder competition']
8580000,18.44959152263441,Low,['Low bidder competition']
7943092,0.0,Low,['No strong anomaly indicator']
9475164,0.19508152861274652,Low,['No strong anomaly indicator']
9166936,0.11072061552464874,Low,['No strong anomaly indicator']
6206895,0.10363113730662832,Low,['No strong anomaly indicator']
5436720,0.7331169798490222,Low,['No strong anomaly indicator']
3954364,21.006575293851263,Low,['Low bidder competition']
6461271,0.5724216418934986,Low,['No strong anomaly indicator']
8855958,0.11244457192003665,Low,['No strong anomaly indicator']
4634775,1.2227567453086436,Low,['No strong anomaly indicator']
5681125,0.4286610775666304,Low,['No strong anomaly indicator']
2405570,22.75145657048972,Low,['Low bidder competition']
2069760,4.19965188992979,Low,['No strong anomaly indicator']
2477580,2.9207676315771565,Low,['No strong anomaly indicator']
2112490,3.019143549868872,Low,['No strong anomaly indicator']
2247920,4.19965188992979,Low,['No strong anomaly indicator']
23981082,10.125958852531767,Low,['No strong anomaly indicator']
2650478,9.275436450729735,Low,['Low bidder competition']
2141440,9.35803572724543,Low,['Low bidder competition']
2230351,9.35803572724543,Low,['Low bidder competition']
2275734,9.325861722062115,Low,['Low bidder competition']
2302930,9.325861722062115,Low,['Low bidder competition']
2302930,9.325861722062115,Low,['Low bidder competition']
2596653,9.24329038359059,Low,['Low bidder competition']
3104474,5.0504470999772195,Low,['Low bidder competition']
2006560,2.958383496720735,Low,['No strong anomaly indicator']
3287820,5.177015171066543,Low,['Low bidder competition']
2738260,2.9400987809913275,Low,['No strong anomaly indicator']
2499853,5.004500760310677,Low,['Low bidder competition']
20000000,3.627808328120942,Low,['No strong anomaly indicator']
148514774,46.74507465749582,Medium,['Unusually high contract value']
146996842,51.11610677212961,Medium,['Unusually high contract value']
35196315,18.53903903779339,Low,['No strong anomaly indicator']
257379280,57.93557267916654,Medium,['Unusually high contract value']
202436217,53.855837690966865,Medium,['Unusually high contract value']
156461407,48.00712444914858,Medium,['Unusually high contract value']
16500516,6.214444262281766,Low,['No strong anomaly indicator']
13636967,4.0420963750967545,Low,['No strong anomaly indicator']
6926887,3.391938475971145,Low,['No strong anomaly indicator']
0,7.441039128731276,Low,['No strong anomaly indicator']
0,58.60755062983608,Medium,['No strong anomaly indicator']
0,40.3576962066296,Medium,['No strong anomaly indicator']
9820000,3.8536370355794958,Low,['No strong anomaly indicator']
1500000,4.3230119577535575,Low,['Low bidder competition']
6540000,3.5013208968203244,Low,['No strong anomaly indicator']
6540000,3.5013208968203244,Low,['No strong anomaly indicator']
106233774,38.87750376206986,Low,['Unusually high contract value']
16167045,5.801471652698339,Low,['No strong anomaly indicator']
360000000,39.948956731675025,Low,['Unusually high contract value']
9270079,11.677964847504906,Low,['Low bidder competition']
7700000,14.884049188684724,Low,['No strong anomaly indicator']
94864127,15.892281852671882,Low,['Unusually high contract value']
20000000,23.671307789021693,Low,['No strong anomaly indicator']
7999689,17.649327469145902,Low,['Low bidder competition']
2999744,22.173748343751033,Low,['Low bidder competition']
3053096,3.7321586134517943,Low,['No strong anomaly indicator']
2174654,5.908663210937831,Low,['No strong anomaly indicator']
2499630,17.6605485969885,Low,['Low bidder competition']
2499783,4.426659134829578,Low,['No strong anomaly indicator']
6933000,7.507758353006658,Low,['No strong anomaly indicator']
8667000,7.779641216490063,Low,['No strong anomaly indicator']
30298580,5.475474828861252,Low,['No strong anomaly indicator']
0,2.986200306181175,Low,['No strong anomaly indicator']
0,2.986200306181175,Low,['No strong anomaly indicator']
1849736,2.57921730551773,Low,['No strong anomaly indicator']
1808471,5.462162320167444,Low,['No strong anomaly indicator']
0,12.541733675774445,Low,['Low bidder competition']
0,16.715632791069897,Low,['Low bidder competition']
1933392,15.581903895518682,Low,['Low bidder competition']
100000,3.247381716758049,Low,['No strong anomaly indicator']
7224645,14.85711414912263,Low,['Low bidder competition']
74253721,30.278435314940253,Low,"['Low bidder competition', 'Unusually high contract value']"
32140284,21.857370749637827,Low,['Low bidder competition']
359687,16.909610649909286,Low,['Low bidder competition']
16035463,10.3475362895865,Low,['No strong anomaly indicator']
16035463,8.037257896297142,Low,['No strong anomaly indicator']
0,23.459481468102947,Low,['Low bidder competition']
0,23.459481468102947,Low,['Low bidder competition']
0,23.459481468102947,Low,['Low bidder competition']
0,23.459481468102947,Low,['Low bidder competition']
0,23.459481468102947,Low,['Low bidder competition']
0,14.38812477507464,Low,['No strong anomaly indicator']
38497565,19.995615944284324,Low,['No strong anomaly indicator']
10000000,38.0323105118847,Low,['No strong anomaly indicator']
39522586,16.233731881170456,Low,['No strong anomaly indicator']
34784486,17.314859935730478,Low,['No strong anomaly indicator']
63100000,16.264324511898504,Low,['Unusually high contract value']
77100000,18.624709087841754,Low,['Unusually high contract value']
4455372,1.6339465642960604,Low,['No strong anomaly indicator']
5934117,0.27489612289759435,Low,['No strong anomaly indicator']
3828916,2.391161881409076,Low,['No strong anomaly indicator']
4381369,18.243617397612717,Low,['No strong anomaly indicator']
10499936,1.0532753148197216,Low,['No strong anomaly indicator']
2265698,5.112909939435383,Low,['No strong anomaly indicator']
2970145,3.895931730106689,Low,['No strong anomaly indicator']
3447189,3.3358744432722176,Low,['No strong anomaly indicator']
4629235,1.2227567453086436,Low,['No strong anomaly indicator']
4625684,1.2227567453086436,Low,['No strong anomaly indicator']
6833717,0.6249993797673099,Low,['No strong anomaly indicator']
6480347,0.5724216418934986,Low,['No strong anomaly indicator']
8749013,0.049912751284061585,Low,['No strong anomaly indicator']
9743933,0.3466981943638814,Low,['No strong anomaly indicator']
4987466,31.768796154126793,Low,['No strong anomaly indicator']
5000000,9.32832091054324,Low,['No strong anomaly indicator']
2638613,15.211012894079893,Low,['Low bidder competition']
0,9.739324580563945,Low,['No strong anomaly indicator']
0,6.655696823032869,Low,['No strong anomaly indicator']
0,6.655696823032869,Low,['No strong anomaly indicator']
0,11.060669289119176,Low,['No strong anomaly indicator']
2700000,10.20653899061702,Low,['No strong anomaly indicator']
18000000,11.691064382033048,Low,['No strong anomaly indicator']
4956500,23.432100597785784,Low,['Low bidder competition']
0,13.261020066596377,Low,['No strong anomaly indicator']
2253534,4.323386031643331,Low,['Low bidder competition']
4705000,11.864991425436841,Low,['No strong anomaly indicator']
3504295,9.374483954851279,Low,['Low bidder competition']
2638613,16.674893861438356,Low,['No strong anomaly indicator']
6539881,0.5432192471739228,Low,['No strong anomaly indicator']
4835379,0.682675410520325,Low,['No strong anomaly indicator']
9223455,18.998682018328328,Low,['Low bidder competition']
7417488,0.2296658183506466,Low,['No strong anomaly indicator']
2026266,6.311637597630835,Low,['No strong anomaly indicator']
2763090,4.505407044497758,Low,['No strong anomaly indicator']
7635782,0.0858286658528229,Low,['No strong anomaly indicator']
8220724,0.08424849755947861,Low,['No strong anomaly indicator']
8765418,0.049912751284061585,Low,['No strong anomaly indicator']
4922560,0.682675410520325,Low,['No strong anomaly indicator']
6465278,0.5724216418934986,Low,['No strong anomaly indicator']
19273586,10.430907956529083,Low,['No strong anomaly indicator']
9999984,0.2717896246696796,Low,['No strong anomaly indicator']
5345761,0.7179659692345979,Low,['No strong anomaly indicator']
5787300,18.789397241246675,Low,['Low bidder competition']
7927951,15.452833862254192,Low,['Low bidder competition']
6323701,15.79099099893348,Low,['Low bidder competition']
4718486,15.31881538787496,Low,['Low bidder competition']
3105397,22.08285588525988,Low,['Low bidder competition']
9799902,0.32072746259537865,Low,['No strong anomaly indicator']
9870000,0.24691874726643448,Low,['No strong anomaly indicator']
9899999,0.24691874726643448,Low,['No strong anomaly indicator']
9940000,0.24691874726643448,Low,['No strong anomaly indicator']
9980000,0.30090018107193117,Low,['No strong anomaly indicator']
9099858,0.053566491952913964,Low,['No strong anomaly indicator']
9099535,0.053566491952913964,Low,['No strong anomaly indicator']
9629786,0.1566363519797065,Low,['No strong anomaly indicator']
9599877,0.11618899759545798,Low,['No strong anomaly indicator']
9972933,0.30090018107193117,Low,['No strong anomaly indicator']
9998999,0.2717896246696796,Low,['No strong anomaly indicator']
9987980,0.30090018107193117,Low,['No strong anomaly indicator']
9989992,0.30090018107193117,Low,['No strong anomaly indicator']
11017840,1.729601511224189,Low,['No strong anomaly indicator']
6624501,0.5432192471739228,Low,['No strong anomaly indicator']
9337999,0.33607728634486733,Low,['No strong anomaly indicator']
9838409,0.24691874726643448,Low,['No strong anomaly indicator']
4316557,1.6958796904200213,Low,['No strong anomaly indicator']
3509755,2.9134921178577287,Low,['No strong anomaly indicator']
76396600,13.948634410177004,Low,['Unusually high contract value']
10800619,17.443963580995938,Low,['Low bidder competition']
10800619,17.443963580995938,Low,['Low bidder competition']
10800619,17.443963580995938,Low,['Low bidder competition']
3317235,16.516351315337864,Low,['No strong anomaly indicator']
1285335,11.956244916131446,Low,['No strong anomaly indicator']
7995400,5.422995789600279,Low,['Low bidder competition']
2096000,5.541628970041444,Low,['Low bidder competition']
2089500,5.541628970041444,Low,['Low bidder competition']
8399000,5.434916267884645,Low,['Low bidder competition']
4597309,1.402291225815624,Low,['No strong anomaly indicator']
7969648,17.72658046316946,Low,['Low bidder competition']
5025937,19.538377720175202,Low,['Low bidder competition']
9987463,0.30090018107193117,Low,['No strong anomaly indicator']
9075910,0.053566491952913964,Low,['No strong anomaly indicator']
9856449,0.24691874726643448,Low,['No strong anomaly indicator']
6945650,18.5502974757016,Low,['Low bidder competition']
7076242,0.5562880350900485,Low,['No strong anomaly indicator']
7280199,0.34422835005386787,Low,['No strong anomaly indicator']
9297806,16.16536607265259,Low,['Low bidder competition']
8127025,15.476253520092186,Low,['Low bidder competition']
24676792,25.688193342454955,Low,['Low bidder competition']
9979488,0.30090018107193117,Low,['No strong anomaly indicator']
3069316,3.7321586134517943,Low,['No strong anomaly indicator']
23137830,12.034741757819315,Low,['No strong anomaly indicator']
4144817,2.0651714288953684,Low,['No strong anomaly indicator']
3592072,2.943496495315941,Low,['No strong anomaly indicator']
9982135,19.60199666111751,Low,['Low bidder competition']
9823475,19.609389402267592,Low,['Low bidder competition']
9938999,19.632358232371743,Low,['Low bidder competition']
9998348,19.60199666111751,Low,['Low bidder competition']
4799004,0.9925198500795247,Low,['No strong anomaly indicator']
29799176,15.39012122133671,Low,['No strong anomaly indicator']
3698138,2.7582397115129282,Low,['No strong anomaly indicator']
4833186,15.095573455247944,Low,['Low bidder competition']
9683888,0.315196889567936,Low,['No strong anomaly indicator']
10800619,17.443963580995938,Low,['Low bidder competition']
10800619,17.443963580995938,Low,['Low bidder competition']
10800619,17.443963580995938,Low,['Low bidder competition']
10800619,17.443963580995938,Low,['Low bidder competition']
10800619,17.443963580995938,Low,['Low bidder competition']
10800619,17.443963580995938,Low,['Low bidder competition']
10800619,17.443963580995938,Low,['Low bidder competition']
10800619,17.443963580995938,Low,['Low bidder competition']
10800619,17.443963580995938,Low,['Low bidder competition']
10800619,17.443963580995938,Low,['Low bidder competition']
4859200,6.54066071212938,Low,['No strong anomaly indicator']
3260100,4.018829834031429,Low,['No strong anomaly indicator']
2477580,3.2581310471305542,Low,['No strong anomaly indicator']
2112490,3.019143549868872,Low,['No strong anomaly indicator']
17900000,4.182879477760167,Low,['No strong anomaly indicator']
4620962,1.2227567453086436,Low,['No strong anomaly indicator']
6614976,0.5432192471739228,Low,['No strong anomaly indicator']
2439998,4.457175492930723,Low,['No strong anomaly indicator']
4706235,1.2227567453086436,Low,['No strong anomaly indicator']
24938507,13.151376367545627,Low,['No strong anomaly indicator']
8592846,0.06766527973312719,Low,['No strong anomaly indicator']
2087826,2.4894593447775293,Low,['No strong anomaly indicator']
2624026,4.275613500874599,Low,['Low bidder competition']
11811008,6.292934975319874,Low,['No strong anomaly indicator']
2258641,4.323386031643331,Low,['Low bidder competition']
9709100,7.939893081749908,Low,['No strong anomaly indicator']
19832569,4.922344669530695,Low,['No strong anomaly indicator']
10800619,14.030549468694105,Low,['Low bidder competition']
10800619,16.216792943978813,Low,['No strong anomaly indicator']
10800619,13.331391275834143,Low,['No strong anomaly indicator']
10800619,14.030549468694105,Low,['Low bidder competition']
10800619,14.150142027762929,Low,['No strong anomaly indicator']
10800619,14.150142027762929,Low,['No strong anomaly indicator']
10800619,13.201199290227901,Low,['No strong anomaly indicator']
10800619,17.8092484934797,Low,['No strong anomaly indicator']
69214000,15.077228908046692,Low,"['Low bidder competition', 'Unusually high contract value']"
52191000,8.783889745978847,Low,"['Low bidder competition', 'Unusually high contract value']"
10800619,14.030549468694105,Low,['Low bidder competition']
10800619,17.443963580995938,Low,['Low bidder competition']
10800619,12.699304306920137,Low,['No strong anomaly indicator']
10800619,14.150142027762929,Low,['No strong anomaly indicator']
10800619,14.030549468694105,Low,['Low bidder competition']
2875275,3.2775357328977535,Low,['No strong anomaly indicator']
3404064,3.9581039179244684,Low,['No strong anomaly indicator']
7387194,9.583968866526178,Low,['No strong anomaly indicator']
7248907,9.616230202361223,Low,['No strong anomaly indicator']
6817139,10.816372052643949,Low,['No strong anomaly indicator']
6692938,24.70687530714599,Low,['No strong anomaly indicator']
1120297,13.827167477005222,Low,['No strong anomaly indicator']
5600300,2.9068901230438158,Low,['No strong anomaly indicator']
79220563,28.146568979100948,Low,['Unusually high contract value']
0,27.004752557574207,Low,['No strong anomaly indicator']
5000000,21.470878614886168,Low,['No strong anomaly indicator']
7715300,3.294487157077924,Low,['No strong anomaly indicator']
0,12.844960849543707,Low,['No strong anomaly indicator']
0,14.271820853857673,Low,['No strong anomaly indicator']
0,12.844960849543707,Low,['No strong anomaly indicator']
0,13.261020066596377,Low,['No strong anomaly indicator']
0,14.271820853857673,Low,['No strong anomaly indicator']
0,13.261020066596377,Low,['No strong anomaly indicator']
2535757,17.625566383536597,Low,['Low bidder competition']
2674195,4.474874372752296,Low,['No strong anomaly indicator']
4728127,1.2521890618024116,Low,['No strong anomaly indicator']
6930830,0.5724438023456813,Low,['No strong anomaly indicator']
4757565,1.071440438874518,Low,['No strong anomaly indicator']
1893664,6.757652924869269,Low,['No strong anomaly indicator']
3954364,2.5265263217841323,Low,['No strong anomaly indicator']
2499774,4.426659134829578,Low,['No strong anomaly indicator']
3685838,2.7582397115129282,Low,['No strong anomaly indicator']
3396411,3.310107060771564,Low,['No strong anomaly indicator']
8535320,0.2658435008789368,Low,['No strong anomaly indicator']
3175727,22.08285588525988,Low,['Low bidder competition']
9870301,0.24691874726643448,Low,['No strong anomaly indicator']
9978766,0.30090018107193117,Low,['No strong anomaly indicator']
32548052,33.402909237249276,Low,['Low bidder competition']
4894747,17.444436353716732,Low,['No strong anomaly indicator']
5688969,17.29854046023811,Low,['No strong anomaly indicator']
3960419,2.430778615194228,Low,['No strong anomaly indicator']
7189891,0.2932365436136095,Low,['No strong anomaly indicator']
4136215,2.0651714288953684,Low,['No strong anomaly indicator']
42000000,33.57956195647871,Low,['Unusually high contract value']
0,7.664210361900423,Low,['No strong anomaly indicator']
2160000,17.965872649595948,Low,['Low bidder competition']
0,59.22070063375139,Medium,['No strong anomaly indicator']
16951761,8.587032884560927,Low,['No strong anomaly indicator']
41060000,21.73773813253944,Low,['Unusually high contract value']
2925000,19.714418533954287,Low,['Low bidder competition']
18300000,10.981792781790062,Low,['No strong anomaly indicator']
4650000,10.027074425988168,Low,['No strong anomaly indicator']
16150000,11.269111404700187,Low,['No strong anomaly indicator']
4150000,9.446816030018255,Low,['No strong anomaly indicator']
9820000,0.24691874726643448,Low,['No strong anomaly indicator']
9354992,0.33607728634486733,Low,['No strong anomaly indicator']
9596906,0.11618899759545798,Low,['No strong anomaly indicator']
9792385,0.32072746259537865,Low,['No strong anomaly indicator']
18273000,8.550070878650367,Low,['No strong anomaly indicator']
27884722,11.154478939273332,Low,['No strong anomaly indicator']
8179463,6.372895552104346,Low,['No strong anomaly indicator']
4362943,12.042905397416614,Low,['No strong anomaly indicator']
409772,7.2370805761045816,Low,['No strong anomaly indicator']
493168,7.344969074596058,Low,['No strong anomaly indicator']
3395226,11.169175104930126,Low,['No strong anomaly indicator']
2702047,8.431424634984367,Low,['No strong anomaly indicator']
18131501,8.462879006209754,Low,['No strong anomaly indicator']
1744156,23.16667949492057,Low,['No strong anomaly indicator']
1043326,21.229158039496667,Low,['No strong anomaly indicator']
9861355,12.830787089745012,Low,['No strong anomaly indicator']
17613440,20.857443832098753,Low,['No strong anomaly indicator']
73315858,27.157965401286553,Low,['Unusually high contract value']
9389907,31.947493047209093,Low,['No strong anomaly indicator']
17963438,14.974104588832006,Low,['No strong anomaly indicator']
9499194,27.228824772786126,Low,['No strong anomaly indicator']
7907747,5.13880815072018,Low,['No strong anomaly indicator']
14757831,7.772453377467187,Low,['No strong anomaly indicator']
9038832,5.146298835766906,Low,['No strong anomaly indicator']
8788009,10.487478383820438,Low,['No strong anomaly indicator']
6969931,6.55183124670468,Low,['No strong anomaly indicator']
0,9.739324580563945,Low,['No strong anomaly indicator']
99527260,42.7099640736506,Medium,['Unusually high contract value']
64999222,34.49409046167482,Low,['Unusually high contract value']
0,17.19330362131308,Low,['Low bidder competition']
9000000,2.221079154066871,Low,['No strong anomaly indicator']
1500000,9.847331119350478,Low,['No strong anomaly indicator']
1500000,9.847331119350478,Low,['No strong anomaly indicator']
36653660,19.665534805613667,Low,['No strong anomaly indicator']
43874024,7.345508589310128,Low,"['Low bidder competition', 'Unusually high contract value']"
0,38.51595810373209,Low,['No strong anomaly indicator']
5367826,9.216735542504296,Low,['Low bidder competition']
2983051,9.33498862446438,Low,['Low bidder competition']
6703849,9.107908840997851,Low,['Low bidder competition']
2669490,9.275436450729735,Low,['Low bidder competition']
2263492,9.325861722062115,Low,['Low bidder competition']
5302070,9.216735542504296,Low,['Low bidder competition']
1036138,2.847561615404828,Low,['No strong anomaly indicator']
2193125,3.7238043205230085,Low,['No strong anomaly indicator']
2481717,3.9920231516655704,Low,['Low bidder competition']
3000000,2.934937243494325,Low,['No strong anomaly indicator']
1000000,16.624672297300865,Low,['Low bidder competition']
0,32.2121656322228,Low,['No strong anomaly indicator']
5018000,5.004211994957103,Low,['Low bidder competition']
0,36.634920570265265,Low,['Low bidder competition']
99000000,30.44972472938175,Low,"['Low bidder competition', 'Unusually high contract value']"
0,27.58967777259119,Low,['No strong anomaly indicator']
15000000,11.493224444997153,Low,['No strong anomaly indicator']
3465000,8.219255397452343,Low,['No strong anomaly indicator']
3465000,13.842719570099653,Low,['Low bidder competition']
2189611,8.077127961288028,Low,['No strong anomaly indicator']
29380830,13.719535663523668,Low,['Low bidder competition']
17488514,11.816161035201123,Low,['Low bidder competition']
0,12.631300464690202,Low,['No strong anomaly indicator']
2455250,10.598888522701152,Low,['Low bidder competition']
4620360,10.52602709078765,Low,['Low bidder competition']
0,32.75475164635194,Low,['No strong anomaly indicator']
5100000,10.05979317228001,Low,['No strong anomaly indicator']
13844970,8.818239629032483,Low,['No strong anomaly indicator']
10169025,14.795242523059741,Low,['No strong anomaly indicator']
29380830,18.445591257704912,Low,['No strong anomaly indicator']
17488514,9.396179653662266,Low,['No strong anomaly indicator']
11133365,12.765452202643655,Low,['No strong anomaly indicator']
2455250,6.920222385791298,Low,['No strong anomaly indicator']
11133365,11.353554773718848,Low,['Low bidder competition']
52444000,5.916031832705144,Low,['Unusually high contract value']
3500000,17.250917108256253,Low,['No strong anomaly indicator']
3500000,17.250917108256253,Low,['No strong anomaly indicator']
3500000,18.043536934755245,Low,['No strong anomaly indicator']
3500000,17.250917108256253,Low,['No strong anomaly indicator']
3500000,17.250917108256253,Low,['No strong anomaly indicator']
3500000,18.043536934755245,Low,['No strong anomaly indicator']
3494000,17.28577255898159,Low,['No strong anomaly indicator']
2989029,3.7514945070247094,Low,['No strong anomaly indicator']
4950391,0.6858602589439329,Low,['No strong anomaly indicator']
7000000,0.6369399439298675,Low,['No strong anomaly indicator']
8924100,0.05548418233523478,Low,['No strong anomaly indicator']
9036195,0.053566491952913964,Low,['No strong anomaly indicator']
7574993,0.07805662951007264,Low,['No strong anomaly indicator']
9982135,0.30090018107193117,Low,['No strong anomaly indicator']
9823475,0.24691874726643448,Low,['No strong anomaly indicator']
9938999,0.24691874726643448,Low,['No strong anomaly indicator']
9998348,0.2717896246696796,Low,['No strong anomaly indicator']
8049999,17.649327469145902,Low,['Low bidder competition']
8469999,18.242537626734848,Low,['Low bidder competition']
26836000,2.6217158239149683,Low,['No strong anomaly indicator']
21728590,13.381332732750646,Low,['No strong anomaly indicator']
15229000,0.8938082816863115,Low,['No strong anomaly indicator']
84887817,19.803471959405005,Low,"['Low bidder competition', 'Unusually high contract value']"
19700000,1.6115040769699576,Low,['No strong anomaly indicator']
12000000,1.1929777159445294,Low,['No strong anomaly indicator']
13396000,1.7076295726708466,Low,['No strong anomaly indicator']
22957000,2.662400472801245,Low,['No strong anomaly indicator']
19174796,11.586512813567804,Low,['No strong anomaly indicator']
19995000,3.6723815445202987,Low,['Low bidder competition']
10000000,8.025526314271396,Low,['Low bidder competition']
14000000,1.7640542015174319,Low,['No strong anomaly indicator']
20991000,3.6358581050353607,Low,['Low bidder competition']
143485319,45.710801089344436,Medium,['Unusually high contract value']
15779048,7.799899086119929,Low,['No strong anomaly indicator']
5526574,0.736922670706754,Low,['No strong anomaly indicator']
5526574,0.736922670706754,Low,['No strong anomaly indicator']
5526574,0.736922670706754,Low,['No strong anomaly indicator']
5526574,0.736922670706754,Low,['No strong anomaly indicator']
7905145,0.0,Low,['No strong anomaly indicator']
8958737,0.053566491952913964,Low,['No strong anomaly indicator']
36329000,5.98566365182257,Low,['Low bidder competition']
29999700,3.1037252671641795,Low,['No strong anomaly indicator']
20000000,0.9358207527885511,Low,['No strong anomaly indicator']
17500000,0.7739442387880118,Low,['No strong anomaly indicator']
20000000,1.6115040769699576,Low,['No strong anomaly indicator']
14508000,8.453391606559777,Low,['Low bidder competition']
23769000,4.302436606127621,Low,['Low bidder competition']
23257000,4.2330518034588,Low,['Low bidder competition']
27333000,4.831805058063658,Low,['Low bidder competition']
15062000,0.9744321010537078,Low,['No strong anomaly indicator']
15728000,1.5519818174783353,Low,['No strong anomaly indicator']
18639000,3.5822552787304787,Low,['Low bidder competition']
19820000,3.6723815445202987,Low,['Low bidder competition']
20000000,0.9358207527885511,Low,['No strong anomaly indicator']
30000000,5.354098255992291,Low,['Low bidder competition']
0,4.2598371262579136,Low,['No strong anomaly indicator']
106075563,44.66958279833056,Medium,['Unusually high contract value']
6000000,10.457842297382385,Low,['No strong anomaly indicator']
4986500,12.155937506208282,Low,['No strong anomaly indicator']
15000000,7.992857121567283,Low,['No strong anomaly indicator']
70000000,21.55984065764488,Low,['Unusually high contract value']
36199409,17.30550744249598,Low,['No strong anomaly indicator']
3305113,53.824013038019885,Medium,['No strong anomaly indicator']
8799935,6.239223512318603,Low,['No strong anomaly indicator']
13218277,7.459934399174763,Low,['No strong anomaly indicator']
10096608,8.907738225113938,Low,['No strong anomaly indicator']
4455000,12.024425683304532,Low,['No strong anomaly indicator']
5000000,20.968340201309637,Low,['No strong anomaly indicator']
6000000,18.21688513018033,Low,['No strong anomaly indicator']
4633816,4.685484442706041,Low,['No strong anomaly indicator']
1528900,2.6373488410151538,Low,['No strong anomaly indicator']
4712914,3.2276257262041312,Low,['No strong anomaly indicator']
4712914,3.2276257262041312,Low,['No strong anomaly indicator']
2253534,3.6334804172316737,Low,['No strong anomaly indicator']
9900997,5.926282947358899,Low,['No strong anomaly indicator']
1,43.457965808536166,Medium,['No strong anomaly indicator']
350932,9.90000592421167,Low,['No strong anomaly indicator']
2200000,14.370026382083648,Low,['No strong anomaly indicator']
69214000,7.781523230202211,Low,['Unusually high contract value']
52191000,5.916031832705144,Low,['Unusually high contract value']
0,13.327179825658504,Low,['Low bidder competition']
18367956,8.550070878650367,Low,['No strong anomaly indicator']
74983630,24.530753808677098,Low,['Unusually high contract value']
7002975,5.212893271916975,Low,['No strong anomaly indicator']
7002975,9.310917485035233,Low,['Low bidder competition']
6002618,5.1737642070613035,Low,['No strong anomaly indicator']
19841689,9.533715426662908,Low,['No strong anomaly indicator']
20000000,15.675408391384035,Low,['No strong anomaly indicator']
4500000,18.88139877193272,Low,['No strong anomaly indicator']
70000000,16.253534308051194,Low,['Unusually high contract value']
8000,30.091280981867893,Low,['No strong anomaly indicator']
43400000,19.036135360026364,Low,['Unusually high contract value']
10000000,20.300651619793243,Low,['Low bidder competition']
2000000,16.700471080899145,Low,['Low bidder competition']
29593384,34.75532506840377,Low,['No strong anomaly indicator']
40247658,19.085026536275,Low,['Unusually high contract value']
21134600,16.98217668139443,Low,['No strong anomaly indicator']
16197560,11.27648216991188,Low,['Low bidder competition']
3501228,14.892299953211491,Low,['No strong anomaly indicator']
3296191,5.81110982136714,Low,['No strong anomaly indicator']
1726600,15.670841681732817,Low,['Low bidder competition']
0,18.891512952534363,Low,['No strong anomaly indicator']
350000000,67.42514663999494,Medium,['Unusually high contract value']
9745672,8.742412633085578,Low,['No strong anomaly indicator']
5808710,10.956511579314288,Low,['No strong anomaly indicator']
45609976,20.715506984813434,Low,['Unusually high contract value']
13406829,9.730573399860234,Low,['No strong anomaly indicator']
118624019,18.830574066361976,Low,['Unusually high contract value']
2000000000,100.0,High,['Unusually high contract value']
4722494,3.6855897207883714,Low,['No strong anomaly indicator']
45511000,54.80593940670899,Medium,['Unusually high contract value']
12000000,74.57107352019815,High,['No strong anomaly indicator']
6769976,3.2243184737584087,Low,['No strong anomaly indicator']
6630000,22.528004407733313,Low,['Low bidder competition']
6292750,22.49137584577594,Low,['Low bidder competition']
3557968,22.20017893831228,Low,['Low bidder competition']
4551048,2.6100898565483135,Low,['No strong anomaly indicator']
5947000,3.2785223854101844,Low,['No strong anomaly indicator']
28396301,34.33866694410547,Low,['No strong anomaly indicator']
9384000,5.326683266095031,Low,['No strong anomaly indicator']
9594000,5.282177958703713,Low,['No strong anomaly indicator']
23371000,10.648714501307083,Low,['No strong anomaly indicator']
0,29.780505499458638,Low,['No strong anomaly indicator']
0,29.848247666664047,Low,['No strong anomaly indicator']
0,29.780505499458638,Low,['No strong anomaly indicator']
0,31.534785162480468,Low,['No strong anomaly indicator']
0,29.848247666664047,Low,['No strong anomaly indicator']
0,29.848247666664047,Low,['No strong anomaly indicator']
3000000,17.69496980976006,Low,['No strong anomaly indicator']
154943000,22.898589604134052,Low,"['Low bidder competition', 'Unusually high contract value']"
181645000,26.739480187458373,Low,"['Low bidder competition', 'Unusually high contract value']"
179011000,26.367469740219185,Low,"['Low bidder competition', 'Unusually high contract value']"
235576000,33.00826522120853,Low,"['Low bidder competition', 'Unusually high contract value']"
0,4.908904179163017,Low,['Low bidder competition']
0,29.848247666664047,Low,['No strong anomaly indicator']
0,29.780505499458638,Low,['No strong anomaly indicator']
18577999,8.666390642614942,Low,['No strong anomaly indicator']
5890264,4.8340263607893235,Low,['No strong anomaly indicator']
7461675,5.553086179872331,Low,['No strong anomaly indicator']
7683673,5.13880815072018,Low,['No strong anomaly indicator']
7640610,7.277286476304816,Low,['No strong anomaly indicator']
237629000,33.04845217673632,Low,"['Low bidder competition', 'Unusually high contract value']"
138855000,18.29243008032576,Low,['Unusually high contract value']
4400000,18.23017340958827,Low,['No strong anomaly indicator']
3124984,2.4259086739922466,Low,['No strong anomaly indicator']
6630000,20.05029471752996,Low,['No strong anomaly indicator']
74018000,15.341647413341128,Low,['Unusually high contract value']
3557968,43.13995789525587,Medium,['No strong anomaly indicator']
44821728,37.83480711393658,Low,['Unusually high contract value']
5042370,41.190371602288735,Medium,['No strong anomaly indicator']
5042370,27.850878021084103,Low,['No strong anomaly indicator']
402046,12.393079176798118,Low,['No strong anomaly indicator']
796790,21.359654594571488,Low,['No strong anomaly indicator']
506670,9.072027047778207,Low,['No strong anomaly indicator']
508049,11.628280871485074,Low,['No strong anomaly indicator']
75163000,12.630081546291812,Low,['Unusually high contract value']
73944000,9.352154145436444,Low,['Unusually high contract value']
77280000,10.394696054607984,Low,['Unusually high contract value']
76051000,9.83430360012111,Low,['Unusually high contract value']
70000000,28.797987212297613,Low,"['Low bidder competition', 'Unusually high contract value']"
2000000,7.798486276788331,Low,['No strong anomaly indicator']
6292750,31.175182190288005,Low,['No strong anomaly indicator']
15700000,17.79375527014122,Low,['Low bidder competition']
0,21.886631459071108,Low,['No strong anomaly indicator']
9820833,3.3040390307650966,Low,['No strong anomaly indicator']
8000,31.78136378986811,Low,['No strong anomaly indicator']
26500000,27.668715228552855,Low,['No strong anomaly indicator']
65163000,9.797355291543376,Low,['Unusually high contract value']
862000,4.6551278171391814,Low,['Low bidder competition']
1120298,13.827167477005222,Low,['No strong anomaly indicator']
8080000,56.76815923767437,Medium,['Low bidder competition']
16720500,3.5528708875387167,Low,['No strong anomaly indicator']
10476700,2.787005603294773,Low,['No strong anomaly indicator']
10476700,2.787005603294773,Low,['No strong anomaly indicator']
10476700,5.758902016066777,Low,['Low bidder competition']
10106500,3.3040390307650966,Low,['No strong anomaly indicator']
10106500,2.6240750501779218,Low,['No strong anomaly indicator']
3850385,6.067461455718849,Low,['No strong anomaly indicator']
4668687,5.523013838259509,Low,['No strong anomaly indicator']
20824996,11.72573271805436,Low,['No strong anomaly indicator']
18274953,10.497063031775035,Low,['No strong anomaly indicator']
18699997,8.167822237044838,Low,['No strong anomaly indicator']
